tbluuid,city,region,country,date,context,region_code,timestamp,time_utc,time_pacific,age,age_group,gender,how_open,like_more_open,pay_tax,trust_more,trust_business,more_info,citizen_budget_contract,more_effective,answers,count,latitude,longitude
11621320485257dd567588e6.14362203,NA,NA,LR,20131011,1,N/A,1381490146,11/10/2013 11:15,11/10/2013 04:15,under_14,under_14,male,NA,NA,NA,NA,NA,NA,NA,NA,2,1,6.5,-9.5
172276332525968d9634af4.96101779,NA,NA,LR,20131012,1,N/A,1381591366,12/10/2013 15:22,12/10/2013 08:22,38,35_44,male,closed,NA,NA,NA,NA,NA,NA,NA,3,1,6.5,-9.5
154237729525bcc5b6c9af2.38933819,Monrovia,Montserrado,LR,20131014,1,14,1381747830,14/10/2013 10:50,14/10/2013 03:50,24,18_24,male,closed,dont_know_doesnt_matter,yes,yes,yes,yes,yes,yes,10,1,6.310599804,-10.8046999
805509914525d5f45f1eee9.09847287,Monrovia,Montserrado,LR,20131015,1,14,1381851011,15/10/2013 15:30,15/10/2013 08:30,35,35_44,female,NA,NA,NA,NA,NA,NA,NA,NA,2,1,6.310599804,-10.8046999
1106282411525dc7ccf15ab9.20377534,Monrovia,Montserrado,LR,20131015,1,14,1381877786,15/10/2013 22:56,15/10/2013 15:56,19,18_24,male,open,yes,no,yes,yes,dont_know_doesnt_matter,dont_know_doesnt_matter,dont_know_doesnt_matter,10,1,6.310599804,-10.8046999
1364670271525dc9588a6d26.89245815,NA,NA,LR,20131015,1,N/A,1381878123,15/10/2013 23:02,15/10/2013 16:02,29,25_34,male,somewhat_open,NA,NA,NA,NA,NA,NA,NA,3,1,6.5,-9.5
1071874330525ea0a449c7a0.50711171,Monrovia,Montserrado,LR,20131016,1,14,1381933239,16/10/2013 14:20,16/10/2013 07:20,24,18_24,male,open,yes,yes,yes,yes,yes,yes,yes,10,1,6.310599804,-10.8046999
1431003362525ec1f95c5501.06021289,NA,NA,LR,20131016,1,N/A,1381944344,16/10/2013 17:25,16/10/2013 10:25,27,25_34,male,somewhat_open,yes,NA,yes,NA,NA,NA,NA,5,1,6.5,-9.5
495594781525f81c0e118b9.50478486,NA,NA,LR,20131016,1,N/A,1381991005,17/10/2013 06:23,16/10/2013 23:23,20,18_24,male,NA,NA,NA,NA,NA,NA,NA,NA,2,1,6.5,-9.5
134209762526004479a6330.47058010,NA,NA,LR,20131017,1,N/A,1382024313,17/10/2013 15:38,17/10/2013 08:38,under_14,under_14,female,NA,NA,NA,NA,NA,NA,NA,NA,2,1,6.5,-9.5
8497806655260231d7ae0b4.45010082,Monrovia,Montserrado,LR,20131017,1,14,1382032193,17/10/2013 17:49,17/10/2013 10:49,24,18_24,female,NA,NA,NA,NA,NA,NA,NA,NA,2,1,6.310599804,-10.8046999
54133257452602ec7c64ee9.08521867,NA,NA,LR,20131017,1,N/A,1382035168,17/10/2013 18:39,17/10/2013 11:39,22,18_24,male,NA,NA,NA,NA,NA,NA,NA,NA,2,1,6.5,-9.5
212459743152603a64da8963.75377767,West,Nimba,LR,20131017,1,9,1382038146,17/10/2013 19:29,17/10/2013 12:29,34,25_34,male,somewhat_open,yes,NA,yes,NA,yes,NA,no,7,1,6.998600006,-8.763899803
100625747052603f42dc65b7.87236033,NA,NA,LR,20131017,1,N/A,1382039439,17/10/2013 19:50,17/10/2013 12:50,25,25_34,male,open,yes,dont_know_doesnt_matter,dont_know_doesnt_matter,dont_know_doesnt_matter,dont_know_doesnt_matter,dont_know_doesnt_matter,dont_know_doesnt_matter,10,1,6.5,-9.5
235010646526056c98d8855.34456985,NA,NA,LR,20131017,1,N/A,1382046158,17/10/2013 21:42,17/10/2013 14:42,under_14,under_14,female,somewhat_open,NA,NA,NA,NA,NA,NA,NA,3,1,6.5,-9.5
2431053345260654c4b70d0.40324449,Monrovia,Montserrado,LR,20131017,1,14,1382049167,17/10/2013 22:32,17/10/2013 15:32,24,18_24,male,NA,NA,NA,NA,NA,NA,NA,NA,2,1,6.310599804,-10.8046999
66270635152611a96b18606.22709951,Monrovia,Montserrado,LR,20131018,1,14,1382095555,18/10/2013 11:25,18/10/2013 04:25,47,45_54,female,open,yes,NA,yes,yes,NA,yes,NA,7,1,6.310599804,-10.8046999
2028388735526121ebb7e1c5.17632351,Monrovia,Montserrado,LR,20131018,1,14,1382097416,18/10/2013 11:56,18/10/2013 04:56,25,25_34,male,open,dont_know_doesnt_matter,NA,NA,NA,NA,NA,NA,4,1,6.310599804,-10.8046999
732439499526122628f5a34.65208412,Monrovia,Montserrado,LR,20131018,1,14,1382097581,18/10/2013 11:59,18/10/2013 04:59,35,35_44,female,NA,NA,NA,NA,NA,NA,NA,NA,2,1,6.310599804,-10.8046999
213317719852614a1e806826.65208431,Monrovia,Montserrado,LR,20131018,1,14,1382107714,18/10/2013 14:48,18/10/2013 07:48,36,35_44,female,somewhat_closed,dont_know_doesnt_matter,NA,NA,yes,NA,NA,NA,5,1,6.310599804,-10.8046999
192615733152614f7eb41031.38256423,NA,NA,LR,20131018,1,N/A,1382109079,18/10/2013 15:11,18/10/2013 08:11,under_14,under_14,female,somewhat_open,no,NA,NA,NA,NA,NA,NA,4,1,6.5,-9.5
765887974526163e6605314.36563449,Monrovia,Montserrado,LR,20131018,1,14,1382114320,18/10/2013 16:38,18/10/2013 09:38,28,25_34,male,open,yes,yes,NA,NA,yes,NA,no,7,1,6.310599804,-10.8046999
21191483852616b6a84d391.93468569,NA,NA,LR,20131018,1,N/A,1382116246,18/10/2013 17:10,18/10/2013 10:10,32,25_34,female,somewhat_open,yes,NA,yes,yes,yes,yes,NA,8,1,6.5,-9.5
7505167752617d3a6b3d08.47363682,Monrovia,Montserrado,LR,20131018,1,14,1382120798,18/10/2013 18:26,18/10/2013 11:26,22,18_24,male,open,yes,yes,yes,yes,yes,yes,yes,10,1,6.310599804,-10.8046999
5581416135261b1d9805270.39674122,Monrovia,Montserrado,LR,20131018,1,14,1382134476,18/10/2013 22:14,18/10/2013 15:14,33,25_34,male,somewhat_open,dont_know_doesnt_matter,yes,yes,yes,yes,yes,dont_know_doesnt_matter,10,1,6.310599804,-10.8046999
196893055261cf3d5e1709.01069349,NA,NA,LR,20131018,1,N/A,1382141808,19/10/2013 00:16,18/10/2013 17:16,14,14_17,female,NA,NA,NA,NA,NA,NA,NA,NA,2,1,6.5,-9.5
16448609485261d8c55e8f97.49780405,Monrovia,Montserrado,LR,20131018,1,14,1382144264,19/10/2013 00:57,18/10/2013 17:57,33,25_34,male,open,no,dont_know_doesnt_matter,NA,NA,NA,NA,NA,5,1,6.310599804,-10.8046999
629312214526226bfe93d14.25409351,NA,NA,LR,20131018,1,N/A,1382164188,19/10/2013 06:29,18/10/2013 23:29,17,14_17,male,open,yes,yes,yes,yes,yes,yes,yes,10,1,6.5,-9.5
16581318052625abdea2f22.17392563,Monrovia,Montserrado,LR,20131019,1,14,1382177500,19/10/2013 10:11,19/10/2013 03:11,17,14_17,male,NA,NA,NA,NA,NA,NA,NA,NA,2,1,6.310599804,-10.8046999
145890748526271c7d40489.34949743,Monrovia,Montserrado,LR,20131019,1,14,1382183502,19/10/2013 11:51,19/10/2013 04:51,under_14,under_14,male,NA,NA,NA,NA,NA,NA,NA,NA,2,1,6.310599804,-10.8046999
188673303452627e85020d58.04208678,Monrovia,Montserrado,LR,20131019,1,14,1382186639,19/10/2013 12:43,19/10/2013 05:43,35,35_44,male,somewhat_open,yes,NA,NA,NA,NA,NA,NA,4,1,6.310599804,-10.8046999
1325934080526288c29f0fa5.31014421,West,Nimba,LR,20131019,1,9,1382189624,19/10/2013 13:33,19/10/2013 06:33,31,25_34,male,NA,NA,NA,NA,NA,NA,NA,NA,2,1,6.998600006,-8.763899803
2030189735526295c779cfe4.16275875,NA,NA,LR,20131019,1,N/A,1382192629,19/10/2013 14:23,19/10/2013 07:23,25,25_34,male,somewhat_open,yes,yes,yes,no,yes,yes,yes,10,1,6.5,-9.5
2247681205262a3d452ba27.36831670,NA,NA,LR,20131019,1,N/A,1382196256,19/10/2013 15:24,19/10/2013 08:24,27,25_34,male,somewhat_open,yes,NA,NA,NA,NA,NA,NA,4,1,6.5,-9.5
19724450655262f66fc58770.95695012,Monrovia,Montserrado,LR,20131019,1,14,1382217610,19/10/2013 21:20,19/10/2013 14:20,16,14_17,male,open,yes,NA,yes,yes,yes,yes,yes,9,1,6.310599804,-10.8046999
9.17553E22,Monrovia,Montserrado,LR,20131019,1,14,1382220067,19/10/2013 22:01,19/10/2013 15:01,36,35_44,male,NA,NA,NA,NA,NA,NA,NA,NA,2,1,6.310599804,-10.8046999
165717081652630e4b2213b3.88402951,NA,NA,LR,20131019,1,N/A,1382223464,19/10/2013 22:57,19/10/2013 15:57,15,14_17,male,open,yes,NA,yes,yes,yes,yes,yes,9,1,6.5,-9.5
146915096852636af64f89b9.07113109,NA,NA,LR,20131019,1,N/A,1382247181,20/10/2013 05:33,19/10/2013 22:33,under_14,under_14,male,NA,NA,NA,NA,NA,NA,NA,NA,2,1,6.5,-9.5
1868661364526391b364ffd5.86923983,Monrovia,Montserrado,LR,20131020,1,14,1382257093,20/10/2013 08:18,20/10/2013 01:18,44,35_44,male,NA,NA,NA,NA,NA,NA,NA,NA,2,1,6.310599804,-10.8046999
17408002035263a05de3abc4.17204440,NA,NA,LR,20131020,1,N/A,1382261373,20/10/2013 09:29,20/10/2013 02:29,41,35_44,male,open,yes,NA,NA,yes,yes,NA,dont_know_doesnt_matter,7,1,6.5,-9.5
16077474295263be0451f9c4.78796669,NA,NA,LR,20131020,1,N/A,1382268441,20/10/2013 11:27,20/10/2013 04:27,24,18_24,male,open,yes,yes,yes,yes,yes,yes,yes,10,1,6.5,-9.5
15762559065263d26b065ff3.30774085,NA,NA,LR,20131020,1,N/A,1382273717,20/10/2013 12:55,20/10/2013 05:55,33,25_34,male,NA,NA,NA,NA,NA,NA,NA,NA,2,1,6.5,-9.5
163874511652641a5baf3342.00970697,NA,NA,LR,20131020,1,N/A,1382292112,20/10/2013 18:01,20/10/2013 11:01,29,25_34,male,closed,dont_know_doesnt_matter,NA,NA,NA,NA,NA,NA,4,1,6.5,-9.5
165443754752642244f21b28.42029041,Monrovia,Montserrado,LR,20131020,1,14,1382294105,20/10/2013 18:35,20/10/2013 11:35,36,35_44,male,NA,NA,NA,NA,NA,NA,NA,NA,2,1,6.310599804,-10.8046999
138555897352644463d66d50.68300116,Monrovia,Montserrado,LR,20131020,1,14,1382302926,20/10/2013 21:02,20/10/2013 14:02,20,18_24,male,open,yes,yes,yes,yes,yes,yes,no,10,1,6.310599804,-10.8046999
1341183975526449727fbbc9.48980972,Monrovia,Montserrado,LR,20131020,1,14,1382304203,20/10/2013 21:23,20/10/2013 14:23,18,18_24,female,closed,NA,NA,NA,NA,NA,NA,NA,3,1,6.310599804,-10.8046999
1149236085264cba1c45c68.38751989,NA,NA,LR,20131020,1,N/A,1382337482,21/10/2013 06:38,20/10/2013 23:38,under_14,under_14,female,somewhat_open,dont_know_doesnt_matter,dont_know_doesnt_matter,NA,NA,NA,NA,dont_know_doesnt_matter,6,1,6.5,-9.5
17348139865264daa7b58117.14727338,Monrovia,Montserrado,LR,20131021,1,14,1382341308,21/10/2013 07:41,21/10/2013 00:41,24,18_24,male,somewhat_open,no,yes,yes,yes,yes,yes,yes,10,1,6.310599804,-10.8046999
5343302105264e65e6798b0.89024237,Monrovia,Montserrado,LR,20131021,1,14,1382344452,21/10/2013 08:34,21/10/2013 01:34,29,25_34,male,open,NA,NA,NA,NA,NA,NA,NA,3,1,6.310599804,-10.8046999
21214208495264f7b4436758.48710949,NA,NA,LR,20131021,1,N/A,1382348744,21/10/2013 09:45,21/10/2013 02:45,22,18_24,male,open,yes,yes,yes,yes,yes,yes,yes,10,1,6.5,-9.5
804053511526502d7aef175.31790533,Monrovia,Montserrado,LR,20131021,1,14,1382355447,21/10/2013 11:37,21/10/2013 04:37,33,25_34,male,somewhat_open,yes,yes,yes,yes,yes,yes,yes,10,1,6.310599804,-10.8046999
52394850152651204041b33.05907092,NA,NA,LR,20131021,1,N/A,1382355511,21/10/2013 11:38,21/10/2013 04:38,26,25_34,male,somewhat_open,yes,NA,NA,NA,NA,NA,NA,4,1,6.5,-9.5
5294752645265261a8511e5.12245327,Monrovia,Montserrado,LR,20131021,1,14,1382360647,21/10/2013 13:04,21/10/2013 06:04,34,25_34,male,somewhat_closed,yes,yes,yes,yes,yes,yes,dont_know_doesnt_matter,10,1,6.310599804,-10.8046999
121630029652653450a82542.50002872,Monrovia,Montserrado,LR,20131021,1,14,1382364295,21/10/2013 14:04,21/10/2013 07:04,35,35_44,male,open,yes,yes,yes,yes,yes,yes,yes,10,1,6.310599804,-10.8046999
204221445352653d9f10dea0.47409397,Monrovia,Montserrado,LR,20131021,1,14,1382366664,21/10/2013 14:44,21/10/2013 07:44,38,35_44,male,somewhat_open,yes,yes,no,yes,yes,yes,yes,10,1,6.310599804,-10.8046999
17090062152653f366fc7e2.19358881,Monrovia,Montserrado,LR,20131021,1,14,1382367041,21/10/2013 14:50,21/10/2013 07:50,24,18_24,male,open,NA,NA,NA,NA,NA,NA,NA,3,1,6.310599804,-10.8046999
717618113526543cdae9279.21876968,Monrovia,Montserrado,LR,20131021,1,14,1382369809,21/10/2013 15:36,21/10/2013 08:36,21,18_24,female,somewhat_open,yes,dont_know_doesnt_matter,NA,NA,NA,NA,NA,5,1,6.310599804,-10.8046999
63135157152654db1c2f0f8.89138808,NA,NA,LR,20131021,1,N/A,1382385041,21/10/2013 19:50,21/10/2013 12:50,31,25_34,male,open,NA,NA,NA,NA,NA,NA,NA,3,1,6.5,-9.5
13257683352655a967dcad5.24016309,Monrovia,Montserrado,LR,20131021,1,14,1382374063,21/10/2013 16:47,21/10/2013 09:47,24,18_24,male,open,NA,NA,NA,NA,NA,NA,NA,3,1,6.310599804,-10.8046999
11497818425265639b9a9926.68620864,NA,NA,LR,20131021,1,N/A,1382376393,21/10/2013 17:26,21/10/2013 10:26,23,18_24,male,somewhat_open,yes,yes,yes,yes,yes,yes,dont_know_doesnt_matter,10,1,6.5,-9.5
18532519685265a16c506e19.25647745,West,Nimba,LR,20131021,1,9,1382392395,21/10/2013 21:53,21/10/2013 14:53,31,25_34,male,somewhat_open,yes,yes,yes,yes,yes,yes,yes,10,1,6.998600006,-8.763899803
53807555952662ea811c0c4.78422479,Monrovia,Montserrado,LR,20131022,1,14,1382476383,22/10/2013 21:13,22/10/2013 14:13,49,45_54,male,NA,NA,NA,NA,NA,NA,NA,NA,2,1,6.310599804,-10.8046999
197297547052663fb5c3b5a8.74725477,NA,NA,LR,20131022,1,N/A,1382432764,22/10/2013 09:06,22/10/2013 02:06,18,18_24,male,open,yes,yes,yes,yes,yes,yes,yes,10,1,6.5,-9.5
1.21983E23,NA,NA,LR,20131022,1,N/A,1382442542,22/10/2013 11:49,22/10/2013 04:49,48,45_54,male,open,dont_know_doesnt_matter,dont_know_doesnt_matter,dont_know_doesnt_matter,dont_know_doesnt_matter,dont_know_doesnt_matter,dont_know_doesnt_matter,dont_know_doesnt_matter,10,1,6.5,-9.5
188959188252666cdd09d353.49775593,NA,NA,LR,20131022,1,N/A,1382444634,22/10/2013 12:23,22/10/2013 05:23,49,45_54,male,closed,NA,NA,NA,NA,NA,NA,NA,3,1,6.5,-9.5
1373735288526671d65877c1.55282110,Monrovia,Montserrado,LR,20131022,1,14,1382445540,22/10/2013 12:39,22/10/2013 05:39,26,25_34,male,open,dont_know_doesnt_matter,NA,NA,NA,no,NA,NA,5,1,6.310599804,-10.8046999
173102308752668af028bb78.06625615,West,Nimba,LR,20131022,1,9,1382452069,22/10/2013 14:27,22/10/2013 07:27,17,14_17,female,open,dont_know_doesnt_matter,NA,NA,NA,NA,no,dont_know_doesnt_matter,6,1,6.998600006,-8.763899803
154437338552668b884b1bf9.49931894,Monrovia,Montserrado,LR,20131022,1,14,1382459754,22/10/2013 16:35,22/10/2013 09:35,22,18_24,male,somewhat_open,yes,yes,yes,yes,yes,yes,yes,10,1,6.310599804,-10.8046999
52793714852668e45478996.35708493,Monrovia,Montserrado,LR,20131022,1,14,1382452829,22/10/2013 14:40,22/10/2013 07:40,31,25_34,male,open,yes,yes,yes,yes,yes,no,yes,10,1,6.310599804,-10.8046999
6895826685266a4c53456a8.01618541,Monrovia,Montserrado,LR,20131022,1,14,1382460403,22/10/2013 16:46,22/10/2013 09:46,27,25_34,male,NA,NA,NA,NA,NA,NA,NA,NA,2,1,6.310599804,-10.8046999
6417495825266aaf680dc17.48340129,NA,NA,LR,20131022,1,N/A,1382460196,22/10/2013 16:43,22/10/2013 09:43,31,25_34,male,open,dont_know_doesnt_matter,yes,yes,yes,yes,yes,yes,10,1,6.5,-9.5
5776282525266ae0ac89d85.31829978,Monrovia,Montserrado,LR,20131022,1,14,1382460971,22/10/2013 16:56,22/10/2013 09:56,31,25_34,male,open,yes,NA,yes,NA,NA,NA,NA,5,1,6.310599804,-10.8046999
14689731945266b2bde2fff9.73091078,Monrovia,Montserrado,LR,20131022,1,14,1382462168,22/10/2013 17:16,22/10/2013 10:16,22,18_24,female,somewhat_open,yes,yes,yes,yes,yes,yes,yes,10,1,6.310599804,-10.8046999
21236052275266cbf7aeaec2.72185754,Monrovia,Montserrado,LR,20131022,1,14,1382468625,22/10/2013 19:03,22/10/2013 12:03,48,45_54,male,somewhat_open,yes,yes,yes,yes,yes,yes,yes,10,1,6.310599804,-10.8046999
15590826005266f4209da788.55033343,Monrovia,Montserrado,LR,20131022,1,14,1382478928,22/10/2013 21:55,22/10/2013 14:55,29,25_34,male,NA,NA,NA,NA,NA,NA,NA,NA,2,1,6.310599804,-10.8046999
166368353652676b1adbf897.01897846,NA,NA,LR,20131022,1,N/A,1382509408,23/10/2013 06:23,22/10/2013 23:23,25,25_34,male,NA,NA,NA,NA,NA,NA,NA,NA,2,1,6.5,-9.5
18369050495267836cd98fe4.97391177,NA,NA,LR,20131023,1,N/A,1382515717,23/10/2013 08:08,23/10/2013 01:08,49,45_54,male,open,NA,NA,NA,NA,NA,NA,NA,3,1,6.5,-9.5
18975659165267eabc0a0c49.82950088,Monrovia,Montserrado,LR,20131023,1,14,1382542023,23/10/2013 15:27,23/10/2013 08:27,35,35_44,female,closed,NA,NA,NA,NA,NA,NA,NA,3,1,6.310599804,-10.8046999
19323274105268aec11fd0a4.16281188,Monrovia,Montserrado,LR,20131023,1,14,1382592232,24/10/2013 05:23,23/10/2013 22:23,55,55_64,male,NA,NA,NA,NA,NA,NA,NA,NA,2,1,6.310599804,-10.8046999
242341905268c90b122c32.39886351,Monrovia,Montserrado,LR,20131024,1,14,1382599005,24/10/2013 07:16,24/10/2013 00:16,30,25_34,male,NA,NA,NA,NA,NA,NA,NA,NA,2,1,6.310599804,-10.8046999
8296157355268cb3b3f1e17.17840045,Monrovia,Montserrado,LR,20131024,1,14,1382599485,24/10/2013 07:24,24/10/2013 00:24,21,18_24,male,open,NA,NA,NA,NA,NA,NA,NA,3,1,6.310599804,-10.8046999
19211834795268ccf2809cd0.95130092,Monrovia,Montserrado,LR,20131024,1,14,1382599956,24/10/2013 07:32,24/10/2013 00:32,45,45_54,male,NA,NA,NA,NA,NA,NA,NA,NA,2,1,6.310599804,-10.8046999
10781465745269195b45bbe8.69636460,NA,NA,LR,20131024,1,N/A,1382619555,24/10/2013 12:59,24/10/2013 05:59,24,18_24,female,somewhat_open,dont_know_doesnt_matter,yes,yes,yes,yes,yes,yes,10,1,6.5,-9.5
19427153465269298dbb7c68.22613517,NA,NA,LR,20131024,1,N/A,1382623692,24/10/2013 14:08,24/10/2013 07:08,58,55_64,female,NA,NA,NA,NA,NA,NA,NA,NA,2,1,6.5,-9.5
1978979523526943fc5a30a7.71106899,NA,NA,LR,20131024,1,N/A,1382630640,24/10/2013 16:04,24/10/2013 09:04,15,14_17,female,open,NA,NA,NA,NA,NA,NA,NA,3,1,6.5,-9.5
1615658242526945a47e1f68.85741163,NA,NA,LR,20131024,1,N/A,1382630940,24/10/2013 16:09,24/10/2013 09:09,26,25_34,male,NA,NA,NA,NA,NA,NA,NA,NA,2,1,6.5,-9.5
33312387952694d08c21c18.60600631,NA,NA,LR,20131024,1,N/A,1382632737,24/10/2013 16:38,24/10/2013 09:38,61,55_64,female,NA,NA,NA,NA,NA,NA,NA,NA,2,1,6.5,-9.5
908463892526950cbf2c720.08580121,Monrovia,Montserrado,LR,20131024,1,14,1382633862,24/10/2013 16:57,24/10/2013 09:57,26,25_34,male,open,yes,NA,NA,NA,NA,NA,NA,4,1,6.310599804,-10.8046999
194657553452698f73ab9b23.99922742,Monrovia,Montserrado,LR,20131024,1,14,1382649730,24/10/2013 21:22,24/10/2013 14:22,16,14_17,male,open,yes,NA,NA,NA,NA,NA,NA,4,1,6.310599804,-10.8046999
105366424752699e06e9d961.14846824,NA,NA,LR,20131024,1,N/A,1382653656,24/10/2013 22:27,24/10/2013 15:27,23,18_24,male,closed,NA,NA,NA,NA,NA,NA,NA,3,1,6.5,-9.5
1674904420526a44171feb69.97330270,NA,NA,LR,20131025,1,N/A,1382695979,25/10/2013 10:12,25/10/2013 03:12,under_14,under_14,male,open,yes,yes,no,yes,NA,yes,yes,9,1,6.5,-9.5
1646842359526a491f6a3226.87504273,NA,NA,LR,20131025,1,N/A,1382697291,25/10/2013 10:34,25/10/2013 03:34,39,35_44,male,open,yes,yes,yes,yes,yes,yes,yes,10,1,6.5,-9.5
1615024870526a5868225226.74649075,NA,NA,LR,20131025,1,N/A,1382705298,25/10/2013 12:48,25/10/2013 05:48,35,35_44,male,somewhat_open,dont_know_doesnt_matter,NA,NA,yes,NA,NA,dont_know_doesnt_matter,6,1,6.5,-9.5
744174023526a6311681577.94721381,West,Nimba,LR,20131025,1,9,1382703927,25/10/2013 12:25,25/10/2013 05:25,35,35_44,male,somewhat_open,dont_know_doesnt_matter,NA,NA,NA,NA,NA,NA,4,1,6.998600006,-8.763899803
560452866526a6abd3dfa66.44959380,NA,NA,LR,20131025,1,N/A,1382705868,25/10/2013 12:57,25/10/2013 05:57,24,18_24,female,NA,NA,NA,NA,NA,NA,NA,NA,2,1,6.5,-9.5
1553756895526aade107b9b7.26494491,NA,NA,LR,20131025,1,N/A,1382723054,25/10/2013 17:44,25/10/2013 10:44,29,25_34,female,open,NA,NA,NA,NA,NA,NA,NA,3,1,6.5,-9.5
1048115500526be33a2bd5b3.12706796,Monrovia,Montserrado,LR,20131026,1,14,1382802250,26/10/2013 15:44,26/10/2013 08:44,27,25_34,male,open,NA,NA,NA,NA,NA,NA,NA,3,1,6.310599804,-10.8046999
832320551526c28836a00e0.07935160,NA,NA,LR,20131026,1,N/A,1382819991,26/10/2013 20:39,26/10/2013 13:39,under_14,under_14,male,open,yes,yes,yes,yes,yes,yes,yes,10,1,6.5,-9.5
1756637808526c399ca96441.91954306,NA,NA,LR,20131026,1,N/A,1382824391,26/10/2013 21:53,26/10/2013 14:53,49,45_54,male,somewhat_open,yes,yes,yes,yes,yes,yes,yes,10,1,6.5,-9.5
385169105526c43f333bf63.14851462,NA,NA,LR,20131026,1,N/A,1382827015,26/10/2013 22:36,26/10/2013 15:36,19,18_24,male,open,yes,NA,NA,NA,NA,NA,NA,4,1,6.5,-9.5
958896318526d11e346d9c4.41464949,Monrovia,Montserrado,LR,20131027,1,14,1382879744,27/10/2013 13:15,27/10/2013 06:15,47,45_54,male,open,NA,NA,NA,NA,NA,NA,NA,3,1,6.310599804,-10.8046999
1650825260526d82ceb7c9e2.39754958,Monrovia,Montserrado,LR,20131027,1,14,1382908647,27/10/2013 21:17,27/10/2013 14:17,17,14_17,male,NA,NA,NA,NA,NA,NA,NA,NA,2,1,6.310599804,-10.8046999
1107900138526d8a849f40e9.82767723,Monrovia,Montserrado,LR,20131027,1,14,1382910624,27/10/2013 21:50,27/10/2013 14:50,24,18_24,male,somewhat_open,dont_know_doesnt_matter,NA,NA,dont_know_doesnt_matter,dont_know_doesnt_matter,NA,dont_know_doesnt_matter,7,1,6.310599804,-10.8046999
1499445593526d92eadfedb0.70900317,NA,NA,LR,20131027,1,N/A,1382912793,27/10/2013 22:26,27/10/2013 15:26,17,14_17,male,NA,NA,NA,NA,NA,NA,NA,NA,2,1,6.5,-9.5
993256304526d9466a88f20.16715891,NA,NA,LR,20131027,1,N/A,1382913148,27/10/2013 22:32,27/10/2013 15:32,25,25_34,female,somewhat_open,yes,yes,NA,NA,NA,yes,yes,7,1,6.5,-9.5
707834840526dfe307684b6.87700210,NA,NA,LR,20131027,1,N/A,1382940254,28/10/2013 06:04,27/10/2013 23:04,37,35_44,male,somewhat_open,yes,yes,yes,yes,yes,yes,yes,10,1,6.5,-9.5
1321714299526e36de7ab285.70026962,NA,NA,LR,20131028,1,N/A,1382954799,28/10/2013 10:06,28/10/2013 03:06,30,25_34,male,NA,NA,NA,NA,NA,NA,NA,NA,2,1,6.5,-9.5
362493198526e38c90e4f51.15790390,Monrovia,Montserrado,LR,20131028,1,14,1382955221,28/10/2013 10:13,28/10/2013 03:13,49,45_54,male,open,no,no,NA,NA,NA,NA,NA,5,1,6.310599804,-10.8046999
2104093399526e38f9972be8.64263641,Monrovia,Montserrado,LR,20131028,1,14,1382955314,28/10/2013 10:15,28/10/2013 03:15,40,35_44,male,somewhat_open,yes,NA,NA,NA,yes,NA,NA,5,1,6.310599804,-10.8046999
683781380526e58c6eb7b29.99618045,NA,NA,LR,20131028,1,N/A,1382963440,28/10/2013 12:30,28/10/2013 05:30,24,18_24,male,NA,NA,NA,NA,NA,NA,NA,NA,2,1,6.5,-9.5
1493649155526e68652d18b9.95032671,NA,NA,LR,20131028,1,N/A,1382967442,28/10/2013 13:37,28/10/2013 06:37,31,25_34,female,NA,NA,NA,NA,NA,NA,NA,NA,2,1,6.5,-9.5
1606076457526e82317055b5.72936982,Monrovia,Montserrado,LR,20131028,1,14,1382974036,28/10/2013 15:27,28/10/2013 08:27,29,25_34,male,somewhat_open,yes,NA,NA,NA,NA,NA,no,5,1,6.310599804,-10.8046999
326575398526e823493fd53.43280768,NA,NA,LR,20131028,1,N/A,1382974142,28/10/2013 15:29,28/10/2013 08:29,30,25_34,male,open,yes,yes,yes,yes,yes,yes,dont_know_doesnt_matter,10,1,6.5,-9.5
512757888526ec3b00e11e5.07747569,NA,NA,LR,20131028,1,N/A,1382990796,28/10/2013 20:06,28/10/2013 13:06,17,14_17,male,somewhat_closed,NA,NA,NA,NA,NA,NA,NA,3,1,6.5,-9.5
1013643177526ecbdc4ef851.94141660,NA,NA,LR,20131028,1,N/A,1382992887,28/10/2013 20:41,28/10/2013 13:41,38,35_44,male,open,yes,yes,yes,yes,yes,yes,yes,10,1,6.5,-9.5
1629286595526ed3bc715573.06492817,Monrovia,Montserrado,LR,20131028,1,14,1382995019,28/10/2013 21:16,28/10/2013 14:16,17,14_17,male,closed,yes,NA,NA,NA,NA,NA,NA,4,1,6.310599804,-10.8046999
544834542526f7b00e7dfe8.53351749,Monrovia,Montserrado,LR,20131029,1,14,1383037789,29/10/2013 09:09,29/10/2013 02:09,28,25_34,male,NA,NA,NA,NA,NA,NA,NA,NA,2,1,6.310599804,-10.8046999
737633151526f836fdf4b69.64256882,NA,NA,LR,20131029,1,N/A,1383039880,29/10/2013 09:44,29/10/2013 02:44,41,35_44,male,open,yes,yes,yes,yes,yes,yes,yes,10,1,6.5,-9.5
1705879923526f8d9ddf17f0.46050208,NA,NA,LR,20131029,1,N/A,1383042567,29/10/2013 10:29,29/10/2013 03:29,26,25_34,male,NA,NA,NA,NA,NA,NA,NA,NA,2,1,6.5,-9.5
504050382526f8e684967c6.06129829,NA,NA,LR,20131029,1,N/A,1383042688,29/10/2013 10:31,29/10/2013 03:31,19,18_24,male,open,NA,NA,NA,NA,NA,NA,NA,3,1,6.5,-9.5
528644949526f951066b624.61409733,NA,NA,LR,20131029,1,N/A,1383044384,29/10/2013 10:59,29/10/2013 03:59,42,35_44,female,open,yes,NA,NA,yes,NA,NA,NA,5,1,6.5,-9.5
270897512526fc125566b66.80193044,NA,NA,LR,20131029,1,N/A,1383055968,29/10/2013 14:12,29/10/2013 07:12,33,25_34,female,open,yes,NA,NA,no,no,NA,NA,6,1,6.5,-9.5
1876974429526ff9fbbc3652.20780292,Monrovia,Montserrado,LR,20131029,1,14,1383070526,29/10/2013 18:15,29/10/2013 11:15,43,35_44,male,open,yes,NA,NA,NA,NA,NA,NA,4,1,6.310599804,-10.8046999
26437489252700356b0b123.79015300,Monrovia,Montserrado,LR,20131029,1,14,1383072675,29/10/2013 18:51,29/10/2013 11:51,22,18_24,male,open,yes,NA,yes,yes,yes,NA,yes,8,1,6.310599804,-10.8046999
1968885204527003c92d90b8.91980069,Monrovia,Montserrado,LR,20131029,1,14,1383072743,29/10/2013 18:52,29/10/2013 11:52,28,25_34,male,open,yes,yes,yes,yes,yes,yes,yes,10,1,6.310599804,-10.8046999
5468852235270d9fad75834.90709515,Monrovia,Montserrado,LR,20131030,1,14,1383127712,30/10/2013 10:08,30/10/2013 03:08,26,25_34,male,somewhat_open,yes,yes,yes,yes,yes,yes,yes,10,1,6.310599804,-10.8046999
2075942505270de496ac373.87215234,NA,NA,LR,20131030,1,N/A,1383128666,30/10/2013 10:24,30/10/2013 03:24,14,14_17,male,somewhat_open,yes,yes,yes,yes,yes,yes,yes,10,1,6.5,-9.5
18020900555270dfa6227f98.10123260,Monrovia,Montserrado,LR,20131030,1,14,1383129026,30/10/2013 10:30,30/10/2013 03:30,19,18_24,male,NA,NA,NA,NA,NA,NA,NA,NA,2,1,6.310599804,-10.8046999
8827092365270e3555114f5.36138199,NA,NA,LR,20131030,1,N/A,1383130240,30/10/2013 10:50,30/10/2013 03:50,26,25_34,male,NA,NA,NA,NA,NA,NA,NA,NA,2,1,6.5,-9.5
19624516215270f1559f7829.31254628,NA,NA,LR,20131030,1,N/A,1383133536,30/10/2013 11:45,30/10/2013 04:45,15,14_17,male,somewhat_closed,yes,NA,NA,NA,NA,NA,NA,4,1,6.5,-9.5
1317123799527145fa0efdd2.83974738,NA,NA,LR,20131030,1,N/A,1383155252,30/10/2013 17:47,30/10/2013 10:47,31,25_34,male,NA,NA,NA,NA,NA,NA,NA,NA,2,1,6.5,-9.5
56433243527148cc1c60b3.89330461,NA,NA,LR,20131030,1,N/A,1383155948,30/10/2013 17:59,30/10/2013 10:59,30,25_34,male,open,no,yes,yes,yes,yes,yes,no,10,1,6.5,-9.5
134429591052718ad78e1a72.55630413,Monrovia,Montserrado,LR,20131030,1,14,1383172850,30/10/2013 22:40,30/10/2013 15:40,25,25_34,male,open,yes,NA,NA,NA,yes,NA,yes,6,1,6.310599804,-10.8046999
1244640801527215d0669ed3.12706372,Monrovia,Montserrado,LR,20131031,1,14,1383208622,31/10/2013 08:37,31/10/2013 01:37,27,25_34,female,open,NA,NA,NA,NA,NA,NA,NA,3,1,6.310599804,-10.8046999
107862589052721dc4f00fa7.29917451,Monrovia,Montserrado,LR,20131031,1,14,1383210505,31/10/2013 09:08,31/10/2013 02:08,56,55_64,male,somewhat_open,yes,NA,NA,NA,NA,NA,NA,4,1,6.310599804,-10.8046999
159296448352721f04a774f4.24266590,NA,NA,LR,20131031,1,N/A,1383210793,31/10/2013 09:13,31/10/2013 02:13,under_14,under_14,male,NA,NA,NA,NA,NA,NA,NA,NA,2,1,6.5,-9.5
97031461752722eee627b67.46626963,Monrovia,Montserrado,LR,20131031,1,14,1383214928,31/10/2013 10:22,31/10/2013 03:22,35,35_44,male,open,dont_know_doesnt_matter,yes,yes,yes,yes,yes,yes,10,1,6.310599804,-10.8046999
14204552635272439346b960.09070688,Monrovia,Montserrado,LR,20131031,1,14,1383220140,31/10/2013 11:49,31/10/2013 04:49,30,25_34,male,open,yes,yes,yes,yes,yes,yes,yes,10,1,6.310599804,-10.8046999
208591425452726d72966f15.15225390,NA,NA,LR,20131031,1,N/A,1383230874,31/10/2013 14:47,31/10/2013 07:47,23,18_24,male,open,NA,NA,NA,NA,NA,NA,NA,3,1,6.5,-9.5
14968578595272ae15503042.24405027,NA,NA,LR,20131031,1,N/A,1383247426,31/10/2013 19:23,31/10/2013 12:23,24,18_24,male,NA,NA,NA,NA,NA,NA,NA,NA,2,1,6.5,-9.5
15726199515272ae96ee5c10.45136088,Monrovia,Montserrado,LR,20131031,1,14,1383247539,31/10/2013 19:25,31/10/2013 12:25,33,25_34,male,somewhat_open,yes,NA,NA,NA,NA,NA,dont_know_doesnt_matter,5,1,6.310599804,-10.8046999
11208675135272be0669cec1.96209121,NA,NA,LR,20131031,1,N/A,1383251472,31/10/2013 20:31,31/10/2013 13:31,23,18_24,male,somewhat_open,yes,yes,yes,yes,yes,yes,yes,10,1,6.5,-9.5
201717335252739c78d8f045.46178939,NA,NA,LR,20131101,1,N/A,1383309196,01/11/2013 12:33,01/11/2013 05:33,14,14_17,female,somewhat_open,yes,NA,yes,NA,NA,NA,NA,5,1,6.5,-9.5
11629213105273ae13f36110.28916547,Monrovia,Montserrado,LR,20131101,1,14,1383312929,01/11/2013 13:35,01/11/2013 06:35,36,35_44,male,open,dont_know_doesnt_matter,NA,NA,NA,NA,NA,NA,4,1,6.310599804,-10.8046999
14984171875273ce59ddfcb4.82367060,Monrovia,Montserrado,LR,20131101,1,14,1383321342,01/11/2013 15:55,01/11/2013 08:55,34,25_34,male,somewhat_open,yes,yes,NA,NA,NA,NA,NA,5,1,6.310599804,-10.8046999
17746102085273ce3d287b46.45590461,NA,NA,LR,20131101,1,N/A,1383321595,01/11/2013 15:59,01/11/2013 08:59,85_and_over,65_and_over,male,open,NA,NA,NA,NA,NA,NA,NA,3,1,6.5,-9.5
2344173565273fbe81661c1.13301598,Monrovia,Montserrado,LR,20131101,1,14,1383332876,01/11/2013 19:07,01/11/2013 12:07,14,14_17,male,open,NA,NA,NA,NA,NA,NA,NA,3,1,6.310599804,-10.8046999
207758374752740eb199a2c1.73901775,Monrovia,Montserrado,LR,20131101,1,14,1383337876,01/11/2013 20:31,01/11/2013 13:31,28,25_34,male,open,yes,yes,NA,dont_know_doesnt_matter,yes,yes,yes,9,1,6.310599804,-10.8046999
9.55674E22,Monrovia,Montserrado,LR,20131101,1,14,1383339312,01/11/2013 20:55,01/11/2013 13:55,23,18_24,female,open,yes,NA,NA,NA,NA,NA,NA,4,1,6.310599804,-10.8046999
10288761205274317f3d9ba9.00385906,Monrovia,Montserrado,LR,20131101,1,14,1383346603,01/11/2013 22:56,01/11/2013 15:56,32,25_34,female,open,no,NA,NA,NA,NA,NA,NA,4,1,6.310599804,-10.8046999
1939293835275028623c223.48175125,Monrovia,Montserrado,LR,20131102,1,14,1383403832,02/11/2013 14:50,02/11/2013 07:50,21,18_24,male,somewhat_open,dont_know_doesnt_matter,yes,yes,yes,yes,yes,yes,10,1,6.310599804,-10.8046999
1588002995275274dedb183.89973841,NA,NA,LR,20131102,1,N/A,1383409588,02/11/2013 16:26,02/11/2013 09:26,19,18_24,female,open,dont_know_doesnt_matter,NA,NA,NA,NA,NA,NA,4,1,6.5,-9.5
1528345623527548f0559995.52784283,NA,NA,LR,20131102,1,N/A,1383418190,02/11/2013 18:49,02/11/2013 11:49,26,25_34,male,closed,NA,NA,NA,NA,NA,NA,NA,3,1,6.5,-9.5
44436488952755f2a6041d2.24898278,NA,NA,LR,20131102,1,N/A,1383423830,02/11/2013 20:23,02/11/2013 13:23,52,45_54,female,open,NA,yes,yes,yes,no,yes,yes,9,1,6.5,-9.5
1545695349527622c8030bc3.95635821,NA,NA,LR,20131103,1,N/A,1383473898,03/11/2013 10:18,03/11/2013 02:18,30,25_34,female,somewhat_open,yes,dont_know_doesnt_matter,dont_know_doesnt_matter,dont_know_doesnt_matter,NA,dont_know_doesnt_matter,dont_know_doesnt_matter,9,1,6.5,-9.5
6667510645276541e2d51a1.79245639,NA,NA,LR,20131103,1,N/A,1383486529,03/11/2013 13:48,03/11/2013 05:48,30,25_34,male,NA,NA,NA,NA,NA,NA,NA,NA,2,1,6.5,-9.5
102425443552766e4f6fabd0.98515241,Monrovia,Montserrado,LR,20131103,1,14,1383493214,03/11/2013 15:40,03/11/2013 07:40,26,25_34,male,somewhat_open,no,NA,yes,NA,NA,yes,NA,6,1,6.310599804,-10.8046999
13560792645276863036f9f6.64078559,NA,NA,LR,20131103,1,N/A,1383499335,03/11/2013 17:22,03/11/2013 09:22,36,35_44,male,open,yes,yes,yes,yes,yes,yes,yes,10,1,6.5,-9.5
17959184935276b37bcb6205.29463676,Monrovia,Montserrado,LR,20131103,1,14,1383511043,03/11/2013 20:37,03/11/2013 12:37,32,25_34,male,open,NA,NA,NA,NA,NA,NA,NA,3,1,6.310599804,-10.8046999
6404859155276dfd5152b62.29266773,Monrovia,Montserrado,LR,20131103,1,14,1383522419,03/11/2013 23:46,03/11/2013 15:46,15,14_17,male,open,yes,dont_know_doesnt_matter,NA,NA,yes,NA,yes,7,1,6.310599804,-10.8046999
10350301635276ee9bc41711.55982248,Monrovia,Montserrado,LR,20131103,1,14,1383526068,04/11/2013 00:47,03/11/2013 16:47,34,25_34,male,NA,NA,NA,NA,NA,NA,NA,NA,2,1,6.310599804,-10.8046999
5034478275277718dd540d3.75555770,Monrovia,Montserrado,LR,20131104,1,14,1383559606,04/11/2013 10:06,04/11/2013 02:06,23,18_24,male,open,yes,yes,yes,yes,yes,yes,yes,10,1,6.310599804,-10.8046999
5959967135277915c16d0d7.31720774,NA,NA,LR,20131104,1,N/A,1383567995,04/11/2013 12:26,04/11/2013 04:26,31,25_34,male,somewhat_open,NA,NA,NA,NA,NA,NA,NA,3,1,6.5,-9.5
49080420852779243ad5691.07212735,NA,NA,LR,20131104,1,N/A,1383567965,04/11/2013 12:26,04/11/2013 04:26,20,18_24,male,open,yes,yes,yes,yes,yes,yes,yes,10,1,6.5,-9.5
940904431527798628d5956.04921947,NA,NA,LR,20131104,1,N/A,1383569542,04/11/2013 12:52,04/11/2013 04:52,45,45_54,male,somewhat_open,yes,yes,yes,yes,yes,yes,yes,10,1,6.5,-9.5
10482246455277ac842ebc58.92569994,Monrovia,Montserrado,LR,20131104,1,14,1383574676,04/11/2013 14:17,04/11/2013 06:17,44,35_44,male,somewhat_closed,yes,yes,yes,yes,yes,yes,yes,10,1,6.310599804,-10.8046999
10362165135277b55081c6f5.69916453,Monrovia,Montserrado,LR,20131104,1,14,1383576944,04/11/2013 14:55,04/11/2013 06:55,62,55_64,male,closed,yes,NA,yes,NA,NA,NA,NA,5,1,6.310599804,-10.8046999
20121359215277ff35be98b0.49378541,Monrovia,Montserrado,LR,20131104,1,14,1383595846,04/11/2013 20:10,04/11/2013 12:10,17,14_17,female,NA,NA,NA,NA,NA,NA,NA,NA,2,1,6.310599804,-10.8046999
114753454527824b0725245.57017633,Monrovia,Montserrado,LR,20131104,1,14,1383605577,04/11/2013 22:52,04/11/2013 14:52,17,14_17,male,somewhat_closed,yes,yes,yes,yes,yes,yes,no,10,1,6.310599804,-10.8046999
175940061552789f3f21a004.92272380,NA,NA,LR,20131104,1,N/A,1383636858,05/11/2013 07:34,04/11/2013 23:34,38,35_44,male,NA,NA,NA,NA,NA,NA,NA,NA,2,1,6.5,-9.5
5217224575278a2d77dc668.18560779,Monrovia,Montserrado,LR,20131104,1,14,1383637738,05/11/2013 07:48,04/11/2013 23:48,23,18_24,male,somewhat_closed,yes,yes,yes,yes,no,yes,yes,10,1,6.310599804,-10.8046999
105872496352789d011931c5.57383561,Monrovia,Montserrado,LR,20131104,1,14,1383638146,05/11/2013 07:55,04/11/2013 23:55,23,18_24,male,open,yes,yes,yes,yes,yes,yes,yes,10,1,6.310599804,-10.8046999
3504994115278af4412b206.15427610,NA,NA,LR,20131105,1,N/A,1383640926,05/11/2013 08:42,05/11/2013 00:42,26,25_34,male,NA,NA,NA,NA,NA,NA,NA,NA,2,1,6.5,-9.5
4242508645278cedd5f5620.61989283,NA,NA,LR,20131105,1,N/A,1383649069,05/11/2013 10:57,05/11/2013 02:57,57,55_64,male,open,dont_know_doesnt_matter,NA,NA,NA,NA,NA,NA,4,1,6.5,-9.5
5060961925278cf9d4ce309.20496424,NA,NA,LR,20131105,1,N/A,1383649453,05/11/2013 11:04,05/11/2013 03:04,33,25_34,male,NA,NA,NA,NA,NA,NA,NA,NA,2,1,6.5,-9.5
1116125175278d43fabe6f6.64118914,Monrovia,Montserrado,LR,20131105,1,14,1383651157,05/11/2013 11:32,05/11/2013 03:32,24,18_24,male,NA,NA,NA,NA,NA,NA,NA,NA,2,1,6.310599804,-10.8046999
10954554485278e4f429add8.44323239,NA,NA,LR,20131105,1,N/A,1383654673,05/11/2013 12:31,05/11/2013 04:31,25,25_34,male,open,NA,NA,NA,NA,NA,NA,NA,3,1,6.5,-9.5
15501911885278e6240495c3.90743335,NA,NA,LR,20131105,1,N/A,1383655550,05/11/2013 12:45,05/11/2013 04:45,33,25_34,male,open,yes,yes,yes,yes,yes,yes,yes,10,1,6.5,-9.5
4832122375278e6b71d2cf6.69663972,NA,NA,LR,20131105,1,N/A,1383655131,05/11/2013 12:38,05/11/2013 04:38,39,35_44,male,NA,NA,NA,NA,NA,NA,NA,NA,2,1,6.5,-9.5
800885585278ee0f2415c0.03000320,Monrovia,Montserrado,LR,20131105,1,14,1383657022,05/11/2013 13:10,05/11/2013 05:10,33,25_34,male,NA,NA,NA,NA,NA,NA,NA,NA,2,1,6.310599804,-10.8046999
5077532575278fbf83c64e5.39805976,Monrovia,Montserrado,LR,20131105,1,14,1383660735,05/11/2013 14:12,05/11/2013 06:12,29,25_34,male,open,yes,NA,NA,NA,NA,yes,NA,5,1,6.310599804,-10.8046999
11446144865278fcbfa48603.33143118,NA,NA,LR,20131105,1,N/A,1383660791,05/11/2013 14:13,05/11/2013 06:13,under_14,under_14,male,open,no,NA,NA,NA,NA,NA,NA,4,1,6.5,-9.5
11973604645278fc8a4126c3.15118124,Monrovia,Montserrado,LR,20131105,1,14,1383661031,05/11/2013 14:17,05/11/2013 06:17,20,18_24,male,open,dont_know_doesnt_matter,dont_know_doesnt_matter,NA,NA,NA,yes,NA,6,1,6.310599804,-10.8046999
1877544770527902cca1d166.89513482,NA,NA,LR,20131105,1,N/A,1383662315,05/11/2013 14:38,05/11/2013 06:38,46,45_54,male,open,yes,NA,NA,dont_know_doesnt_matter,NA,NA,NA,5,1,6.5,-9.5
24068380152790475f05089.09030219,Monrovia,Montserrado,LR,20131105,1,14,1383662988,05/11/2013 14:49,05/11/2013 06:49,42,35_44,female,somewhat_closed,yes,NA,yes,yes,yes,yes,NA,8,1,6.310599804,-10.8046999
9735248175279118041bf20.98726604,NA,NA,LR,20131105,1,N/A,1383666075,05/11/2013 15:41,05/11/2013 07:41,under_14,under_14,female,NA,NA,NA,NA,NA,NA,NA,NA,2,1,6.5,-9.5
18965787625279251edee139.18662432,NA,NA,LR,20131105,1,N/A,1383674706,05/11/2013 18:05,05/11/2013 10:05,29,25_34,male,NA,NA,NA,NA,NA,NA,NA,NA,2,1,6.5,-9.5
155920462952792d44dd7872.48616601,Monrovia,Montserrado,LR,20131105,1,14,1383673182,05/11/2013 17:39,05/11/2013 09:39,14,14_17,male,open,yes,NA,NA,NA,yes,NA,NA,5,1,6.310599804,-10.8046999
90251286652793beb7ffc85.20106847,NA,NA,LR,20131105,1,N/A,1383676921,05/11/2013 18:42,05/11/2013 10:42,40,35_44,female,somewhat_open,dont_know_doesnt_matter,dont_know_doesnt_matter,dont_know_doesnt_matter,dont_know_doesnt_matter,no,dont_know_doesnt_matter,dont_know_doesnt_matter,10,1,6.5,-9.5
96768257527959bdcfe417.50685918,NA,NA,LR,20131105,1,N/A,1383684724,05/11/2013 20:52,05/11/2013 12:52,38,35_44,male,NA,NA,NA,NA,NA,NA,NA,NA,2,1,6.5,-9.5
106982182852795c5dcebae7.11897984,NA,NA,LR,20131105,1,N/A,1383685257,05/11/2013 21:00,05/11/2013 13:00,25,25_34,male,somewhat_open,yes,yes,no,yes,yes,yes,yes,10,1,6.5,-9.5
470598374527a326e7fa5a3.55897342,Monrovia,Montserrado,LR,20131106,1,14,1383740028,06/11/2013 12:13,06/11/2013 04:13,24,18_24,male,open,yes,yes,yes,dont_know_doesnt_matter,NA,NA,yes,8,1,6.310599804,-10.8046999
114042342527a3c9ee41f62.37028648,NA,NA,LR,20131106,1,N/A,1383742730,06/11/2013 12:58,06/11/2013 04:58,26,25_34,male,open,NA,NA,NA,NA,NA,NA,NA,3,1,6.5,-9.5
2125088845527a64bab47993.08743187,Monrovia,Montserrado,LR,20131106,1,14,1383752908,06/11/2013 15:48,06/11/2013 07:48,22,18_24,male,somewhat_closed,yes,yes,yes,yes,no,yes,yes,10,1,6.310599804,-10.8046999
1062896949527a82179a7817.07241669,Monrovia,Montserrado,LR,20131106,1,14,1383760609,06/11/2013 17:56,06/11/2013 09:56,34,25_34,male,closed,yes,yes,NA,yes,yes,NA,yes,8,1,6.310599804,-10.8046999
157782296527aa037cc5dc5.92169390,Monrovia,Montserrado,LR,20131106,1,14,1383768137,06/11/2013 20:02,06/11/2013 12:02,35,35_44,male,open,yes,NA,yes,dont_know_doesnt_matter,yes,yes,dont_know_doesnt_matter,9,1,6.310599804,-10.8046999
1668976712527ade3c077312.36910130,NA,NA,LR,20131106,1,N/A,1383784047,07/11/2013 00:27,06/11/2013 16:27,35,35_44,male,NA,NA,NA,NA,NA,NA,NA,NA,2,1,6.5,-9.5
2110069471527b9b6872bb00.43554282,NA,NA,LR,20131107,1,N/A,1383832463,07/11/2013 13:54,07/11/2013 05:54,23,18_24,male,open,NA,NA,NA,NA,NA,NA,NA,3,1,6.5,-9.5
850374162527baabd278e27.08133100,NA,NA,LR,20131107,1,N/A,1383836368,07/11/2013 14:59,07/11/2013 06:59,27,25_34,male,somewhat_open,yes,NA,NA,NA,NA,NA,NA,4,1,6.5,-9.5
2978198575271692eeef105.94303921,Monrovia,Montserrado,LR,20131107,1,14,1383838873,07/11/2013 15:41,07/11/2013 07:41,85_and_over,65_and_over,male,NA,NA,NA,NA,NA,NA,NA,NA,2,1,6.310599804,-10.8046999
402038074527bb291ba0fa9.98532602,Monrovia,Montserrado,LR,20131107,1,14,1383838353,07/11/2013 15:32,07/11/2013 07:32,27,25_34,male,NA,NA,NA,NA,NA,NA,NA,NA,2,1,6.310599804,-10.8046999
1080662007527bb7186736c8.21680126,NA,NA,LR,20131107,1,N/A,1383839535,07/11/2013 15:52,07/11/2013 07:52,29,25_34,female,somewhat_open,dont_know_doesnt_matter,NA,NA,NA,yes,NA,NA,5,1,6.5,-9.5
324692828527bdb7b563118.39466412,Monrovia,Montserrado,LR,20131107,1,14,1383848995,07/11/2013 18:29,07/11/2013 10:29,15,14_17,female,open,yes,yes,yes,NA,NA,NA,NA,6,1,6.310599804,-10.8046999
150755584527be949550bd9.95464043,Monrovia,Montserrado,LR,20131107,1,14,1383852382,07/11/2013 19:26,07/11/2013 11:26,28,25_34,male,somewhat_closed,yes,NA,yes,NA,yes,yes,NA,7,1,6.310599804,-10.8046999
1752135070527bed1dc2fc01.35370865,Monrovia,Montserrado,LR,20131107,1,14,1383853354,07/11/2013 19:42,07/11/2013 11:42,49,45_54,male,somewhat_open,yes,NA,yes,NA,NA,NA,NA,5,1,6.310599804,-10.8046999
1135581642527bfcc455c1f9.68761883,NA,NA,LR,20131107,1,N/A,1383857382,07/11/2013 20:49,07/11/2013 12:49,22,18_24,female,NA,NA,NA,NA,NA,NA,NA,NA,2,1,6.5,-9.5
397498918527c8b14dab979.84655181,NA,NA,LR,20131107,1,N/A,1383893810,08/11/2013 06:56,07/11/2013 22:56,46,45_54,male,open,yes,yes,yes,yes,yes,yes,yes,10,1,6.5,-9.5
1585069396527cd9b1a9fb33.35365373,Monrovia,Montserrado,LR,20131108,1,14,1383913933,08/11/2013 12:32,08/11/2013 04:32,28,25_34,male,closed,yes,yes,yes,yes,yes,yes,yes,10,1,6.310599804,-10.8046999
351284252527cf9c8da7267.86250065,NA,NA,LR,20131108,1,N/A,1383927681,08/11/2013 16:21,08/11/2013 08:21,16,14_17,male,NA,NA,NA,NA,NA,NA,NA,NA,2,1,6.5,-9.5
583378708527d0600724e54.82867079,Monrovia,Montserrado,LR,20131108,1,14,1383925260,08/11/2013 15:41,08/11/2013 07:41,53,45_54,male,NA,NA,NA,NA,NA,NA,NA,NA,2,1,6.310599804,-10.8046999
1900046208527d06e5a7b180.53467159,NA,NA,LR,20131108,1,N/A,1383925526,08/11/2013 15:45,08/11/2013 07:45,23,18_24,male,open,yes,NA,yes,yes,yes,NA,NA,7,1,6.5,-9.5
1609561181527d0e19c24518.45734402,Monrovia,Montserrado,LR,20131108,1,14,1383927382,08/11/2013 16:16,08/11/2013 08:16,39,35_44,male,NA,NA,NA,NA,NA,NA,NA,NA,2,1,6.310599804,-10.8046999
1217977635527d0f0b2e7a24.88430739,Monrovia,Montserrado,LR,20131108,1,14,1383927612,08/11/2013 16:20,08/11/2013 08:20,23,18_24,male,somewhat_open,yes,dont_know_doesnt_matter,no,no,yes,yes,yes,10,1,6.310599804,-10.8046999
1259167169527d127fb13864.90337758,Monrovia,Montserrado,LR,20131108,1,14,1383928516,08/11/2013 16:35,08/11/2013 08:35,30,25_34,male,NA,NA,NA,NA,NA,NA,NA,NA,2,1,6.310599804,-10.8046999
1938466131527d5a6d15bc62.82164281,NA,NA,LR,20131108,1,N/A,1383946878,08/11/2013 21:41,08/11/2013 13:41,43,35_44,female,NA,NA,NA,NA,NA,NA,NA,NA,2,1,6.5,-9.5
1687507987527d6b0a5b4930.64377386,NA,NA,LR,20131108,1,N/A,1383951151,08/11/2013 22:52,08/11/2013 14:52,21,18_24,male,open,dont_know_doesnt_matter,dont_know_doesnt_matter,dont_know_doesnt_matter,dont_know_doesnt_matter,dont_know_doesnt_matter,dont_know_doesnt_matter,dont_know_doesnt_matter,10,1,6.5,-9.5
1742329002527d70fa85c092.25929716,NA,NA,LR,20131108,1,N/A,1383952695,08/11/2013 23:18,08/11/2013 15:18,65,65_and_over,male,somewhat_open,yes,NA,NA,NA,NA,NA,NA,4,1,6.5,-9.5
531646617527d8474b12f19.85387344,NA,NA,LR,20131108,1,N/A,1383957799,09/11/2013 00:43,08/11/2013 16:43,24,18_24,male,open,NA,NA,NA,NA,NA,NA,NA,3,1,6.5,-9.5
1855127070527da02b7a8552.45856303,Monrovia,Montserrado,LR,20131108,1,14,1383964741,09/11/2013 02:39,08/11/2013 18:39,under_14,under_14,male,open,yes,yes,NA,yes,yes,yes,yes,9,1,6.310599804,-10.8046999
2046211672527decf644dd29.53701407,NA,NA,LR,20131109,1,N/A,1383984422,09/11/2013 08:07,09/11/2013 00:07,37,35_44,male,NA,NA,NA,NA,NA,NA,NA,NA,2,1,6.5,-9.5
1906874684527e201f2f83d5.17398473,NA,NA,LR,20131109,1,N/A,1383997541,09/11/2013 11:45,09/11/2013 03:45,33,25_34,male,NA,NA,NA,NA,NA,NA,NA,NA,2,1,6.5,-9.5
1947631942527e20640218d0.08082783,NA,NA,LR,20131109,1,N/A,1383997575,09/11/2013 11:46,09/11/2013 03:46,26,25_34,male,NA,NA,NA,NA,NA,NA,NA,NA,2,1,6.5,-9.5
958849739527e2570ef3d37.14854988,Monrovia,Montserrado,LR,20131109,1,14,1383998891,09/11/2013 12:08,09/11/2013 04:08,19,18_24,male,open,dont_know_doesnt_matter,NA,yes,NA,yes,NA,NA,6,1,6.310599804,-10.8046999
384730657527e2e6e9dde27.47300598,NA,NA,LR,20131109,1,N/A,1384001156,09/11/2013 12:45,09/11/2013 04:45,14,14_17,male,NA,NA,NA,NA,NA,NA,NA,NA,2,1,6.5,-9.5
310799885527e431b230451.35713346,Monrovia,Montserrado,LR,20131109,1,14,1384016214,09/11/2013 16:56,09/11/2013 08:56,31,25_34,male,open,NA,NA,NA,NA,NA,NA,NA,3,1,6.310599804,-10.8046999
1890852384527e4e5d535ad6.57613642,Monrovia,Montserrado,LR,20131109,1,14,1384009337,09/11/2013 15:02,09/11/2013 07:02,under_14,under_14,female,somewhat_open,yes,dont_know_doesnt_matter,dont_know_doesnt_matter,NA,yes,no,dont_know_doesnt_matter,9,1,6.310599804,-10.8046999
769938947527e706b360187.30687737,NA,NA,LR,20131109,1,N/A,1384018044,09/11/2013 17:27,09/11/2013 09:27,49,45_54,male,NA,NA,NA,NA,NA,NA,NA,NA,2,1,6.5,-9.5
1079338732527e71a8e5b3e9.61387078,Monrovia,Montserrado,LR,20131109,1,14,1384018397,09/11/2013 17:33,09/11/2013 09:33,23,18_24,male,NA,NA,NA,NA,NA,NA,NA,NA,2,1,6.310599804,-10.8046999
447429962527e786bd18608.49517640,NA,NA,LR,20131109,1,N/A,1384020121,09/11/2013 18:02,09/11/2013 10:02,27,25_34,male,open,NA,NA,NA,NA,NA,NA,NA,3,1,6.5,-9.5
269954895527ed3cd787511.50678851,NA,NA,LR,20131109,1,N/A,1384043488,10/11/2013 00:31,09/11/2013 16:31,44,35_44,male,somewhat_open,no,dont_know_doesnt_matter,dont_know_doesnt_matter,yes,yes,NA,NA,8,1,6.5,-9.5
1049640982527f4f9d745c07.30776907,NA,NA,LR,20131110,1,N/A,1384075286,10/11/2013 09:21,10/11/2013 01:21,54,45_54,male,NA,NA,NA,NA,NA,NA,NA,NA,2,1,6.5,-9.5
568578730527f7b5a0c0658.44428468,NA,NA,LR,20131110,1,N/A,1384086385,10/11/2013 12:26,10/11/2013 04:26,19,18_24,male,NA,NA,NA,NA,NA,NA,NA,NA,2,1,6.5,-9.5
1355567703527f995d806207.94897478,NA,NA,LR,20131110,1,N/A,1384094099,10/11/2013 14:34,10/11/2013 06:34,30,25_34,male,open,dont_know_doesnt_matter,NA,NA,NA,NA,NA,NA,4,1,6.5,-9.5
785318991527f9f389b30c8.45372530,Monrovia,Montserrado,LR,20131110,1,14,1384095611,10/11/2013 15:00,10/11/2013 07:00,40,35_44,male,NA,NA,NA,NA,NA,NA,NA,NA,2,1,6.310599804,-10.8046999
1712475159527fce09960440.18551037,NA,NA,LR,20131110,1,N/A,1384107551,10/11/2013 18:19,10/11/2013 10:19,under_14,under_14,male,NA,NA,NA,NA,NA,NA,NA,NA,2,1,6.5,-9.5
1751426881527fcfa3c04cf4.46205682,NA,NA,LR,20131110,1,N/A,1384108050,10/11/2013 18:27,10/11/2013 10:27,20,18_24,female,NA,NA,NA,NA,NA,NA,NA,NA,2,1,6.5,-9.5
187256093527febf23de172.08682307,Monrovia,Montserrado,LR,20131110,1,14,1384115269,10/11/2013 20:27,10/11/2013 12:27,29,25_34,male,open,dont_know_doesnt_matter,yes,yes,yes,yes,yes,yes,10,1,6.310599804,-10.8046999
1422719770527ff372540b87.83277071,NA,NA,LR,20131110,1,N/A,1384117166,10/11/2013 20:59,10/11/2013 12:59,29,25_34,male,NA,NA,NA,NA,NA,NA,NA,NA,2,1,6.5,-9.5
2.2633E22,Monrovia,Montserrado,LR,20131110,1,14,1384120657,10/11/2013 21:57,10/11/2013 13:57,28,25_34,male,somewhat_closed,yes,NA,yes,NA,yes,NA,NA,6,1,6.310599804,-10.8046999
120907600452800e91465bf5.10426824,Monrovia,Montserrado,LR,20131110,1,14,1384124070,10/11/2013 22:54,10/11/2013 14:54,50,45_54,female,open,yes,NA,NA,yes,NA,NA,NA,5,1,6.310599804,-10.8046999
584196031528057935c02b1.54993010,NA,NA,LR,20131110,1,N/A,1384142849,11/11/2013 04:07,10/11/2013 20:07,35,35_44,female,somewhat_closed,yes,yes,yes,yes,yes,yes,yes,10,1,6.5,-9.5
117756606652809812256a11.73938053,NA,NA,LR,20131111,1,N/A,1384159310,11/11/2013 08:41,11/11/2013 00:41,25,25_34,female,open,NA,NA,NA,NA,NA,NA,NA,3,1,6.5,-9.5
173925662652809f7001b8e3.40501542,NA,NA,LR,20131111,1,N/A,1384161267,11/11/2013 09:14,11/11/2013 01:14,19,18_24,male,somewhat_closed,NA,NA,NA,NA,NA,NA,NA,3,1,6.5,-9.5
11200451925280ad0bd1c249.54325012,NA,NA,LR,20131111,1,N/A,1384164641,11/11/2013 10:10,11/11/2013 02:10,30,25_34,male,NA,NA,NA,NA,NA,NA,NA,NA,2,1,6.5,-9.5
2642890735280bf3c879360.71106205,Monrovia,Montserrado,LR,20131111,1,14,1384172257,11/11/2013 12:17,11/11/2013 04:17,39,35_44,male,somewhat_closed,yes,NA,NA,NA,NA,yes,NA,5,1,6.310599804,-10.8046999
460529705280f4f187e497.45144782,NA,NA,LR,20131111,1,N/A,1384183078,11/11/2013 15:17,11/11/2013 07:17,30,25_34,male,NA,NA,NA,NA,NA,NA,NA,NA,2,1,6.5,-9.5
2124885825280f6e2461a88.99283043,Monrovia,Montserrado,LR,20131111,1,14,1384183783,11/11/2013 15:29,11/11/2013 07:29,22,18_24,male,NA,NA,NA,NA,NA,NA,NA,NA,2,1,6.310599804,-10.8046999
14902727865280f8d177f402.20876965,NA,NA,LR,20131111,1,N/A,1384184049,11/11/2013 15:34,11/11/2013 07:34,22,18_24,male,open,yes,dont_know_doesnt_matter,NA,NA,NA,NA,NA,5,1,6.5,-9.5
75589913952811de97fbda4.40293818,NA,NA,LR,20131111,1,N/A,1384194023,11/11/2013 18:20,11/11/2013 10:20,29,25_34,male,somewhat_open,no,no,yes,yes,NA,yes,NA,8,1,6.5,-9.5
60320814652812bbcd5ce52.33518972,Monrovia,Montserrado,LR,20131111,1,14,1384197172,11/11/2013 19:12,11/11/2013 11:12,20,18_24,male,NA,NA,NA,NA,NA,NA,NA,NA,2,1,6.310599804,-10.8046999
16384644925281446654d4e6.84538374,Monrovia,Montserrado,LR,20131111,1,14,1384203418,11/11/2013 20:56,11/11/2013 12:56,39,35_44,male,open,no,NA,NA,NA,NA,NA,no,5,1,6.310599804,-10.8046999
609858206528185f2938c76.06387263,Monrovia,Montserrado,LR,20131111,1,14,1384220253,12/11/2013 01:37,11/11/2013 17:37,37,35_44,male,somewhat_closed,no,no,yes,NA,NA,dont_know_doesnt_matter,NA,7,1,6.310599804,-10.8046999
16608557385281897c660cd3.00315293,Monrovia,Montserrado,LR,20131111,1,14,1384221163,12/11/2013 01:52,11/11/2013 17:52,27,25_34,male,NA,NA,NA,NA,NA,NA,NA,NA,2,1,6.310599804,-10.8046999
15460474605281e6ef5504e5.45047424,NA,NA,LR,20131112,1,N/A,1384245023,12/11/2013 08:30,12/11/2013 00:30,29,25_34,male,NA,NA,NA,NA,NA,NA,NA,NA,2,1,6.5,-9.5
240094095281e9503df3c8.25869879,Monrovia,Montserrado,LR,20131112,1,14,1384245613,12/11/2013 08:40,12/11/2013 00:40,19,18_24,male,NA,NA,NA,NA,NA,NA,NA,NA,2,1,6.310599804,-10.8046999
10088164695281ffe46c5d95.61674351,NA,NA,LR,20131112,1,N/A,1384251428,12/11/2013 10:17,12/11/2013 02:17,20,18_24,male,open,yes,yes,yes,yes,yes,no,yes,10,1,6.5,-9.5
45254667452820dbf458686.16366641,NA,NA,LR,20131112,1,N/A,1384254942,12/11/2013 11:15,12/11/2013 03:15,27,25_34,male,open,yes,NA,NA,NA,NA,NA,NA,4,1,6.5,-9.5
204430196352825bb5a67732.69469650,Monrovia,Montserrado,LR,20131112,1,14,1384274891,12/11/2013 16:48,12/11/2013 08:48,33,25_34,male,open,dont_know_doesnt_matter,NA,NA,NA,NA,NA,NA,4,1,6.310599804,-10.8046999
120904549752826d00cbb295.04468159,NA,NA,LR,20131112,1,N/A,1384279351,12/11/2013 18:02,12/11/2013 10:02,21,18_24,male,NA,NA,NA,NA,NA,NA,NA,NA,2,1,6.5,-9.5
14194631785282acb0460ed5.59489929,Monrovia,Montserrado,LR,20131112,1,14,1384295621,12/11/2013 22:33,12/11/2013 14:33,42,35_44,female,NA,NA,NA,NA,NA,NA,NA,NA,2,1,6.310599804,-10.8046999
44347040352832d39e32fc7.69764941,NA,NA,LR,20131112,1,N/A,1384328807,13/11/2013 07:46,12/11/2013 23:46,22,18_24,female,somewhat_open,yes,NA,NA,NA,NA,NA,NA,4,1,6.5,-9.5
1322164183528336b5a83a07.80617936,NA,NA,LR,20131113,1,N/A,1384331051,13/11/2013 08:24,13/11/2013 00:24,71,65_and_over,female,NA,NA,NA,NA,NA,NA,NA,NA,2,1,6.5,-9.5
837811975528350b02097f7.47214802,NA,NA,LR,20131113,1,N/A,1384337608,13/11/2013 10:13,13/11/2013 02:13,85_and_over,65_and_over,female,NA,NA,NA,NA,NA,NA,NA,NA,2,1,6.5,-9.5
162872262652837c92ab3500.79503413,West,Nimba,LR,20131113,1,9,1384348915,13/11/2013 13:21,13/11/2013 05:21,22,18_24,male,somewhat_open,NA,NA,NA,NA,NA,NA,NA,3,1,6.998600006,-8.763899803
13347439765283b30e2af2e4.63029807,Monrovia,Montserrado,LR,20131113,1,14,1384362992,13/11/2013 17:16,13/11/2013 09:16,42,35_44,female,somewhat_closed,yes,NA,NA,NA,yes,yes,NA,6,1,6.310599804,-10.8046999
12407085355283bcf262c191.83482427,Monrovia,Montserrado,LR,20131113,1,14,1384375187,13/11/2013 20:39,13/11/2013 12:39,80,65_and_over,male,NA,NA,NA,NA,NA,NA,NA,NA,2,1,6.310599804,-10.8046999
5119797215283da81f30206.23867422,Monrovia,Montserrado,LR,20131113,1,14,1384372926,13/11/2013 20:02,13/11/2013 12:02,47,45_54,female,closed,no,NA,NA,NA,NA,dont_know_doesnt_matter,NA,5,1,6.310599804,-10.8046999
720459968528415de136fc9.23429148,NA,NA,LR,20131113,1,N/A,1384388128,14/11/2013 00:15,13/11/2013 16:15,24,18_24,female,open,dont_know_doesnt_matter,dont_know_doesnt_matter,dont_know_doesnt_matter,dont_know_doesnt_matter,dont_know_doesnt_matter,dont_know_doesnt_matter,dont_know_doesnt_matter,10,1,6.5,-9.5
1229218348528474fdbdf305.04994342,Monrovia,Montserrado,LR,20131113,1,14,1384412440,14/11/2013 07:00,13/11/2013 23:00,28,25_34,male,NA,NA,NA,NA,NA,NA,NA,NA,2,1,6.310599804,-10.8046999
20259679265284a079a79ee4.65104918,NA,NA,LR,20131114,1,N/A,1384423588,14/11/2013 10:06,14/11/2013 02:06,30,25_34,male,NA,NA,NA,NA,NA,NA,NA,NA,2,1,6.5,-9.5
4956164225284bd5524cd14.27047682,NA,NA,LR,20131114,1,N/A,1384431837,14/11/2013 12:23,14/11/2013 04:23,35,35_44,male,open,yes,yes,NA,yes,yes,yes,yes,9,1,6.5,-9.5
17628229435285100b6e4786.72253621,Monrovia,Montserrado,LR,20131114,1,14,1384452194,14/11/2013 18:03,14/11/2013 10:03,31,25_34,male,NA,NA,NA,NA,NA,NA,NA,NA,2,1,6.310599804,-10.8046999
162216438752854671ee2d59.24506256,NA,NA,LR,20131114,1,N/A,1384466425,14/11/2013 22:00,14/11/2013 14:00,30,25_34,female,closed,no,no,NA,NA,NA,NA,NA,5,1,6.5,-9.5
107424115552855131d24b76.82288507,NA,NA,LR,20131114,1,N/A,1384468903,14/11/2013 22:41,14/11/2013 14:41,20,18_24,female,somewhat_open,no,NA,NA,NA,NA,NA,NA,4,1,6.5,-9.5
131321203752856c1ae8edc3.13056537,Monrovia,Montserrado,LR,20131114,1,14,1384475726,15/11/2013 00:35,14/11/2013 16:35,29,25_34,male,somewhat_closed,yes,dont_know_doesnt_matter,NA,yes,yes,yes,dont_know_doesnt_matter,9,1,6.310599804,-10.8046999
9015953765285eb87ecfe97.25125915,Monrovia,Montserrado,LR,20131115,1,14,1384508363,15/11/2013 09:39,15/11/2013 01:39,25,25_34,female,NA,NA,NA,NA,NA,NA,NA,NA,2,1,6.310599804,-10.8046999
1059298618528601c6827052.76126617,Monrovia,Montserrado,LR,20131115,1,14,1384514135,15/11/2013 11:15,15/11/2013 03:15,17,14_17,female,NA,NA,NA,NA,NA,NA,NA,NA,2,1,6.310599804,-10.8046999
58926286528636030ce8b9.25321370,NA,NA,LR,20131115,1,N/A,1384527500,15/11/2013 14:58,15/11/2013 06:58,53,45_54,male,closed,yes,NA,NA,NA,NA,yes,yes,6,1,6.5,-9.5
14490193055286366a47f117.87351795,NA,NA,LR,20131115,1,N/A,1384533496,15/11/2013 16:38,15/11/2013 08:38,28,25_34,female,open,yes,NA,NA,NA,NA,NA,NA,4,1,6.5,-9.5
251530473528638ae9a1ad7.38453427,NA,NA,LR,20131115,1,N/A,1384528129,15/11/2013 15:08,15/11/2013 07:08,19,18_24,male,open,NA,NA,NA,NA,NA,NA,NA,3,1,6.5,-9.5
152063349528683b2e80196.74357952,NA,NA,LR,20131115,1,N/A,1384547800,15/11/2013 20:36,15/11/2013 12:36,40,35_44,male,open,yes,yes,yes,yes,yes,yes,yes,10,1,6.5,-9.5
576577019528737cd17dd43.48676619,NA,NA,LR,20131116,1,N/A,1384593486,16/11/2013 09:18,16/11/2013 01:18,31,25_34,male,open,yes,NA,NA,yes,yes,dont_know_doesnt_matter,NA,7,1,6.5,-9.5
166110386352873da185fec6.02929651,NA,NA,LR,20131116,1,N/A,1384595074,16/11/2013 09:44,16/11/2013 01:44,35,35_44,male,open,yes,NA,NA,no,NA,NA,NA,5,1,6.5,-9.5
20257509855287b0e4cc9b33.76099005,Monrovia,Montserrado,LR,20131116,1,14,1384624379,16/11/2013 17:52,16/11/2013 09:52,30,25_34,male,open,yes,yes,yes,yes,yes,yes,yes,10,1,6.310599804,-10.8046999
12179704175287b945a8dfc2.71108719,Monrovia,Montserrado,LR,20131116,1,14,1384626547,16/11/2013 18:29,16/11/2013 10:29,21,18_24,male,somewhat_closed,yes,yes,yes,yes,yes,yes,yes,10,1,6.310599804,-10.8046999
8076561965287bfad1d8c05.54844507,Monrovia,Montserrado,LR,20131116,1,14,1384628170,16/11/2013 18:56,16/11/2013 10:56,46,45_54,male,NA,NA,NA,NA,NA,NA,NA,NA,2,1,6.310599804,-10.8046999
10302328935287c36dd46675.74775657,NA,NA,LR,20131116,1,N/A,1384629118,16/11/2013 19:11,16/11/2013 11:11,29,25_34,female,NA,NA,NA,NA,NA,NA,NA,NA,2,1,6.5,-9.5
7459018105287d2f415abf1.72725852,NA,NA,LR,20131116,1,N/A,1384633113,16/11/2013 20:18,16/11/2013 12:18,36,35_44,female,open,dont_know_doesnt_matter,yes,NA,NA,NA,NA,NA,5,1,6.5,-9.5
10658120355288812a5d9290.33917885,NA,NA,LR,20131117,1,N/A,1384677698,17/11/2013 08:41,17/11/2013 00:41,17,14_17,female,open,yes,NA,NA,NA,yes,NA,NA,5,1,6.5,-9.5
15225789075288ba68c04de0.06703468,NA,NA,LR,20131117,1,N/A,1384692348,17/11/2013 12:45,17/11/2013 04:45,50,45_54,female,somewhat_open,NA,NA,NA,NA,NA,NA,NA,3,1,6.5,-9.5
15983471955288c2592f7ac8.62449437,NA,NA,LR,20131117,1,N/A,1384694385,17/11/2013 13:19,17/11/2013 05:19,30,25_34,female,NA,NA,NA,NA,NA,NA,NA,NA,2,1,6.5,-9.5
14790532415288c76c7c6818.37049005,NA,NA,LR,20131117,1,N/A,1384696504,17/11/2013 13:55,17/11/2013 05:55,16,14_17,female,open,NA,NA,NA,NA,NA,NA,NA,3,1,6.5,-9.5
12454896625288e1f3ab0fb7.52818688,NA,NA,LR,20131117,1,N/A,1384702506,17/11/2013 15:35,17/11/2013 07:35,28,25_34,male,closed,yes,yes,NA,NA,NA,yes,NA,6,1,6.5,-9.5
1055869595288fd51ea9818.45148848,NA,NA,LR,20131117,1,N/A,1384709503,17/11/2013 17:31,17/11/2013 09:31,44,35_44,male,open,no,no,dont_know_doesnt_matter,dont_know_doesnt_matter,no,dont_know_doesnt_matter,no,10,1,6.5,-9.5
16251405425288fd732fbfd8.20849438,NA,NA,LR,20131117,1,N/A,1384709504,17/11/2013 17:31,17/11/2013 09:31,49,45_54,male,somewhat_closed,NA,NA,NA,NA,NA,NA,NA,3,1,6.5,-9.5
55700490352893b0c2871c7.63957057,NA,NA,LR,20131117,1,N/A,1384725279,17/11/2013 21:54,17/11/2013 13:54,28,25_34,male,open,dont_know_doesnt_matter,yes,no,yes,NA,NA,yes,8,1,6.5,-9.5
69449413152893cf6cc6965.39361456,NA,NA,LR,20131117,1,N/A,1384725817,17/11/2013 22:03,17/11/2013 14:03,23,18_24,male,NA,NA,NA,NA,NA,NA,NA,NA,2,1,6.5,-9.5
1186028680528970179f3349.72246364,Monrovia,Montserrado,LR,20131117,1,14,1384738859,18/11/2013 01:40,17/11/2013 17:40,17,14_17,male,open,yes,yes,yes,yes,yes,yes,yes,10,1,6.310599804,-10.8046999
26274655289c5bdcb6d56.25807550,NA,NA,LR,20131117,1,N/A,1384760916,18/11/2013 07:48,17/11/2013 23:48,28,25_34,female,somewhat_open,NA,NA,NA,NA,NA,NA,NA,3,1,6.5,-9.5
9862432205289d18588a435.25408943,NA,NA,LR,20131118,1,N/A,1384763809,18/11/2013 08:36,18/11/2013 00:36,27,25_34,female,open,dont_know_doesnt_matter,yes,NA,NA,NA,NA,yes,6,1,6.5,-9.5
19772572385289e0ffa2f1f0.96502083,NA,NA,LR,20131118,1,N/A,1384767783,18/11/2013 09:43,18/11/2013 01:43,under_14,under_14,male,somewhat_closed,yes,yes,yes,yes,yes,no,dont_know_doesnt_matter,10,1,6.5,-9.5
1548889446528a0baf06b9f7.37200967,Monrovia,Montserrado,LR,20131118,1,14,1384778746,18/11/2013 12:45,18/11/2013 04:45,21,18_24,male,somewhat_open,NA,NA,NA,NA,NA,NA,NA,3,1,6.310599804,-10.8046999
1359377041528a656981c078.23046911,NA,NA,LR,20131118,1,N/A,1384801662,18/11/2013 19:07,18/11/2013 11:07,16,14_17,male,open,yes,dont_know_doesnt_matter,NA,yes,yes,no,NA,8,1,6.5,-9.5
670807424528a7822cdcc58.00216529,Monrovia,Montserrado,LR,20131118,1,14,1384806508,18/11/2013 20:28,18/11/2013 12:28,under_14,under_14,male,NA,NA,NA,NA,NA,NA,NA,NA,2,1,6.310599804,-10.8046999
1057228644528a8a293b60f9.32885642,Monrovia,Montserrado,LR,20131118,1,14,1384811076,18/11/2013 21:44,18/11/2013 13:44,18,18_24,male,open,yes,yes,yes,NA,yes,NA,yes,8,1,6.310599804,-10.8046999
755021802528ab2c86896b1.12048940,NA,NA,LR,20131118,1,N/A,1384821470,19/11/2013 00:37,18/11/2013 16:37,17,14_17,male,NA,NA,NA,NA,NA,NA,NA,NA,2,1,6.5,-9.5
972954546528ac41d2c8191.68746326,NA,NA,LR,20131118,1,N/A,1384825896,19/11/2013 01:51,18/11/2013 17:51,19,18_24,female,open,dont_know_doesnt_matter,yes,no,yes,yes,yes,yes,10,1,6.5,-9.5
823087523528ac42842d0c7.05619542,NA,NA,LR,20131118,1,N/A,1384825896,19/11/2013 01:51,18/11/2013 17:51,19,18_24,female,NA,NA,NA,NA,NA,NA,NA,NA,2,1,6.5,-9.5
905126809528b387a2d2438.73115645,NA,NA,LR,20131119,1,N/A,1384855886,19/11/2013 10:11,19/11/2013 02:11,39,35_44,male,open,no,NA,no,no,no,dont_know_doesnt_matter,NA,8,1,6.5,-9.5
259919210528b48f0501026.78755700,NA,NA,LR,20131119,1,N/A,1384859905,19/11/2013 11:18,19/11/2013 03:18,30,25_34,male,NA,NA,NA,NA,NA,NA,NA,NA,2,1,6.5,-9.5
1651827290528b6f74871792.60541411,NA,NA,LR,20131119,1,N/A,1384869770,19/11/2013 14:02,19/11/2013 06:02,33,25_34,female,closed,yes,dont_know_doesnt_matter,yes,dont_know_doesnt_matter,yes,dont_know_doesnt_matter,yes,10,1,6.5,-9.5
1826223955528b83b28ad851.36979581,NA,NA,LR,20131119,1,N/A,1384875200,19/11/2013 15:33,19/11/2013 07:33,24,18_24,male,somewhat_closed,yes,NA,NA,NA,NA,NA,NA,4,1,6.5,-9.5
1898112652528b8d0be8b296.51702134,Monrovia,Montserrado,LR,20131119,1,14,1384877348,19/11/2013 16:09,19/11/2013 08:09,20,18_24,male,open,NA,NA,NA,NA,NA,NA,NA,3,1,6.310599804,-10.8046999
1078588352528ba7cfed9b05.68349865,Monrovia,Montserrado,LR,20131119,1,14,1384884241,19/11/2013 18:04,19/11/2013 10:04,45,45_54,female,somewhat_open,yes,yes,yes,yes,yes,yes,yes,10,1,6.310599804,-10.8046999
1386585847528bedf401ba83.40908758,Monrovia,Montserrado,LR,20131119,1,14,1384902153,19/11/2013 23:02,19/11/2013 15:02,22,18_24,male,somewhat_closed,NA,NA,NA,NA,NA,NA,NA,3,1,6.310599804,-10.8046999
1778371667528c7bb6adb974.23127533,Monrovia,Montserrado,LR,20131120,1,14,1384938448,20/11/2013 09:07,20/11/2013 01:07,23,18_24,male,somewhat_open,NA,NA,NA,NA,NA,NA,NA,3,1,6.310599804,-10.8046999
766969858528c95843f5d73.57991369,NA,NA,LR,20131120,1,N/A,1384945595,20/11/2013 11:06,20/11/2013 03:06,under_14,under_14,male,open,yes,yes,yes,yes,yes,NA,yes,9,1,6.5,-9.5
1743881381528ca236161369.22927322,Monrovia,Montserrado,LR,20131120,1,14,1384948328,20/11/2013 11:52,20/11/2013 03:52,20,18_24,male,NA,NA,NA,NA,NA,NA,NA,NA,2,1,6.310599804,-10.8046999
1569743584528cb6386a0328.80871694,NA,NA,LR,20131120,1,N/A,1384953400,20/11/2013 13:16,20/11/2013 05:16,18,18_24,male,NA,NA,NA,NA,NA,NA,NA,NA,2,1,6.5,-9.5
805532725528cc911270bf8.09349889,NA,NA,LR,20131120,1,N/A,1384958675,20/11/2013 14:44,20/11/2013 06:44,24,18_24,male,open,yes,NA,yes,yes,yes,yes,yes,9,1,6.5,-9.5
1567354573528cd53de85936.86461122,NA,NA,LR,20131120,1,N/A,1384961363,20/11/2013 15:29,20/11/2013 07:29,32,25_34,male,closed,yes,yes,yes,yes,yes,yes,yes,10,1,6.5,-9.5
1300797884528cff3e87bcf0.10498808,Monrovia,Montserrado,LR,20131120,1,14,1384972111,20/11/2013 18:28,20/11/2013 10:28,21,18_24,female,closed,yes,NA,NA,NA,NA,NA,NA,4,1,6.310599804,-10.8046999
389685956528d05956a8d19.38823631,Monrovia,Montserrado,LR,20131120,1,14,1384973751,20/11/2013 18:55,20/11/2013 10:55,35,35_44,male,open,dont_know_doesnt_matter,yes,NA,NA,yes,yes,NA,7,1,6.310599804,-10.8046999
1633536699528d3fb4d23f85.35808399,NA,NA,LR,20131120,1,N/A,1384988707,20/11/2013 23:05,20/11/2013 15:05,31,25_34,male,somewhat_open,yes,yes,yes,yes,yes,yes,yes,10,1,6.5,-9.5
624134530528d67c48ec9d6.13227699,Monrovia,Montserrado,LR,20131120,1,14,1384998865,21/11/2013 01:54,20/11/2013 17:54,34,25_34,male,open,yes,NA,NA,NA,NA,NA,NA,4,1,6.310599804,-10.8046999
1863915070528d9bf08062e5.85401355,NA,NA,LR,20131120,1,N/A,1385012265,21/11/2013 05:37,20/11/2013 21:37,32,25_34,male,somewhat_open,dont_know_doesnt_matter,NA,no,NA,no,NA,NA,6,1,6.5,-9.5
613694817528de755d854f7.73017956,NA,NA,LR,20131121,1,N/A,1385031757,21/11/2013 11:02,21/11/2013 03:02,28,25_34,male,NA,NA,NA,NA,NA,NA,NA,NA,2,1,6.5,-9.5
90280835528def4178c771.26934470,NA,NA,LR,20131121,1,N/A,1385033583,21/11/2013 11:33,21/11/2013 03:33,29,25_34,male,open,yes,yes,yes,yes,yes,yes,yes,10,1,6.5,-9.5
1574259115528e0e59460d89.75316199,NA,NA,LR,20131121,1,N/A,1385041523,21/11/2013 13:45,21/11/2013 05:45,17,14_17,male,NA,NA,NA,NA,NA,NA,NA,NA,2,1,6.5,-9.5
362923596528e4ec95a2624.40499897,Monrovia,Montserrado,LR,20131121,1,14,1385058037,21/11/2013 18:20,21/11/2013 10:20,64,55_64,male,NA,NA,NA,NA,NA,NA,NA,NA,2,1,6.310599804,-10.8046999
2026794055528e7b65e58034.19160737,NA,NA,LR,20131121,1,N/A,1385074503,21/11/2013 22:55,21/11/2013 14:55,36,35_44,male,open,dont_know_doesnt_matter,dont_know_doesnt_matter,dont_know_doesnt_matter,dont_know_doesnt_matter,dont_know_doesnt_matter,dont_know_doesnt_matter,dont_know_doesnt_matter,10,1,6.5,-9.5
1924691891528f1a1f63d798.53543716,Monrovia,Montserrado,LR,20131122,1,14,1385110073,22/11/2013 08:47,22/11/2013 00:47,14,14_17,female,open,NA,NA,NA,NA,NA,NA,NA,3,1,6.310599804,-10.8046999
1128378794528f1a661a3979.53346727,Monrovia,Montserrado,LR,20131122,1,14,1385110149,22/11/2013 08:49,22/11/2013 00:49,14,14_17,female,NA,NA,NA,NA,NA,NA,NA,NA,2,1,6.310599804,-10.8046999
1617023986528fa6d1a47c30.96346937,Monrovia,Montserrado,LR,20131122,1,14,1385146078,22/11/2013 18:47,22/11/2013 10:47,33,25_34,male,open,dont_know_doesnt_matter,NA,NA,NA,NA,NA,NA,4,1,6.310599804,-10.8046999
227506770528fc9c03d27e6.62654797,Monrovia,Montserrado,LR,20131122,1,14,1385155060,22/11/2013 21:17,22/11/2013 13:17,19,18_24,male,open,yes,yes,yes,NA,yes,yes,dont_know_doesnt_matter,9,1,6.310599804,-10.8046999
1795354514528fdc1d8b6f78.70399260,NA,NA,LR,20131122,1,N/A,1385160007,22/11/2013 22:40,22/11/2013 14:40,32,25_34,male,somewhat_open,yes,yes,NA,yes,NA,yes,yes,8,1,6.5,-9.5
1245903648528fe850063d96.21463022,Monrovia,Montserrado,LR,20131122,1,14,1385162832,22/11/2013 23:27,22/11/2013 15:27,46,45_54,male,NA,NA,NA,NA,NA,NA,NA,NA,2,1,6.310599804,-10.8046999
639686586528fecafc5ffe7.71522760,Monrovia,Montserrado,LR,20131122,1,14,1385163970,22/11/2013 23:46,22/11/2013 15:46,21,18_24,male,open,no,dont_know_doesnt_matter,NA,dont_know_doesnt_matter,dont_know_doesnt_matter,dont_know_doesnt_matter,NA,8,1,6.310599804,-10.8046999
1183042711529004b85a6f24.47840759,Monrovia,Montserrado,LR,20131122,1,14,1385170135,23/11/2013 01:28,22/11/2013 17:28,55,55_64,male,somewhat_closed,yes,yes,yes,yes,yes,yes,yes,10,1,6.310599804,-10.8046999
10293045005290090a0118b4.51616860,Monrovia,Montserrado,LR,20131122,1,14,1385171264,23/11/2013 01:47,22/11/2013 17:47,22,18_24,male,closed,yes,yes,yes,yes,yes,yes,yes,10,1,6.310599804,-10.8046999
29660719052905a9f5fcfc9.85810484,NA,NA,LR,20131122,1,N/A,1385192154,23/11/2013 07:35,22/11/2013 23:35,30,25_34,male,open,yes,dont_know_doesnt_matter,yes,dont_know_doesnt_matter,yes,yes,NA,9,1,6.5,-9.5
342741986529081f093b353.38568198,NA,NA,LR,20131123,1,N/A,1385202175,23/11/2013 10:22,23/11/2013 02:22,17,14_17,female,NA,NA,NA,NA,NA,NA,NA,NA,2,1,6.5,-9.5
1989292991529087d120fe53.78864639,Monrovia,Montserrado,LR,20131123,1,14,1385203681,23/11/2013 10:48,23/11/2013 02:48,43,35_44,female,NA,NA,NA,NA,NA,NA,NA,NA,2,1,6.310599804,-10.8046999
5783575575290a1e0da5312.46838557,Monrovia,Montserrado,LR,20131123,1,14,1385210346,23/11/2013 12:39,23/11/2013 04:39,44,35_44,female,closed,dont_know_doesnt_matter,dont_know_doesnt_matter,dont_know_doesnt_matter,dont_know_doesnt_matter,dont_know_doesnt_matter,dont_know_doesnt_matter,dont_know_doesnt_matter,10,1,6.310599804,-10.8046999
17814039875290a9ed5dc500.99529012,NA,NA,LR,20131123,1,N/A,1385212440,23/11/2013 13:14,23/11/2013 05:14,23,18_24,male,open,yes,yes,yes,yes,yes,yes,yes,10,1,6.5,-9.5
171483734952912d5bb26860.45776348,NA,NA,LR,20131123,1,N/A,1385246083,23/11/2013 22:34,23/11/2013 14:34,19,18_24,female,somewhat_closed,yes,yes,yes,NA,NA,no,NA,7,1,6.5,-9.5
55065885352914e57774775.22281043,Monrovia,Montserrado,LR,20131123,1,14,1385254500,24/11/2013 00:55,23/11/2013 16:55,28,25_34,male,closed,yes,NA,no,NA,NA,yes,NA,6,1,6.310599804,-10.8046999
5446710375291b2d6ce7142.21206134,NA,NA,LR,20131124,1,N/A,1385280214,24/11/2013 08:03,24/11/2013 00:03,23,18_24,female,NA,NA,NA,NA,NA,NA,NA,NA,2,1,6.5,-9.5
14129547885291b69fc74739.14315466,NA,NA,LR,20131124,1,N/A,1385281211,24/11/2013 08:20,24/11/2013 00:20,32,25_34,female,NA,NA,NA,NA,NA,NA,NA,NA,2,1,6.5,-9.5
14822868975291c50227c018.09711478,NA,NA,LR,20131124,1,N/A,1385284939,24/11/2013 09:22,24/11/2013 01:22,44,35_44,male,NA,NA,NA,NA,NA,NA,NA,NA,2,1,6.5,-9.5
1507661775291de398dfd74.83228480,Monrovia,Montserrado,LR,20131124,1,14,1385291348,24/11/2013 11:09,24/11/2013 03:09,under_14,under_14,male,NA,NA,NA,NA,NA,NA,NA,NA,2,1,6.310599804,-10.8046999
8204499625291e3701cefa7.40966110,NA,NA,LR,20131124,1,N/A,1385292951,24/11/2013 11:35,24/11/2013 03:35,15,14_17,male,NA,NA,NA,NA,NA,NA,NA,NA,2,1,6.5,-9.5
14697731755291eaca3dd5f3.04136147,NA,NA,LR,20131124,1,N/A,1385294564,24/11/2013 12:02,24/11/2013 04:02,50,45_54,male,NA,NA,NA,NA,NA,NA,NA,NA,2,1,6.5,-9.5
6797067225291ebfad33b99.65072134,Monrovia,Montserrado,LR,20131124,1,14,1385294878,24/11/2013 12:07,24/11/2013 04:07,74,65_and_over,male,NA,NA,NA,NA,NA,NA,NA,NA,2,1,6.310599804,-10.8046999
28589080152922264d07570.37917281,NA,NA,LR,20131124,1,N/A,1385308794,24/11/2013 15:59,24/11/2013 07:59,18,18_24,male,closed,no,NA,NA,NA,dont_know_doesnt_matter,NA,NA,5,1,6.5,-9.5
99681876852925680a7d205.51019071,NA,NA,LR,20131124,1,N/A,1385322194,24/11/2013 19:43,24/11/2013 11:43,85_and_over,65_and_over,male,NA,NA,NA,NA,NA,NA,NA,NA,2,1,6.5,-9.5
3617189752926958e4d181.82571389,NA,NA,LR,20131124,1,N/A,1385327034,24/11/2013 21:03,24/11/2013 13:03,19,18_24,male,somewhat_open,yes,NA,NA,NA,NA,NA,NA,4,1,6.5,-9.5
179006953652927b2eac9300.16187400,NA,NA,LR,20131124,1,N/A,1385331524,24/11/2013 22:18,24/11/2013 14:18,54,45_54,female,closed,no,no,no,no,no,no,no,10,1,6.5,-9.5
2416276875292d3b4b23bf9.24686861,NA,NA,LR,20131124,1,N/A,1385354288,25/11/2013 04:38,24/11/2013 20:38,14,14_17,male,open,dont_know_doesnt_matter,NA,NA,NA,NA,yes,dont_know_doesnt_matter,6,1,6.5,-9.5
15044998765293318e4b77b3.09356936,NA,NA,LR,20131125,1,N/A,1385378245,25/11/2013 11:17,25/11/2013 03:17,28,25_34,male,open,yes,NA,NA,NA,NA,NA,NA,4,1,6.5,-9.5
829319329529377fc613d75.84100800,NA,NA,LR,20131125,1,N/A,1385396257,25/11/2013 16:17,25/11/2013 08:17,30,25_34,male,NA,NA,NA,NA,NA,NA,NA,NA,2,1,6.5,-9.5
20949572595293c065992d19.55098567,Monrovia,Montserrado,LR,20131125,1,14,1385414792,25/11/2013 21:26,25/11/2013 13:26,14,14_17,male,NA,NA,NA,NA,NA,NA,NA,NA,2,1,6.310599804,-10.8046999
13924124485293cbfcaaa5e5.74561973,Monrovia,Montserrado,LR,20131125,1,14,1385417772,25/11/2013 22:16,25/11/2013 14:16,15,14_17,female,open,yes,NA,dont_know_doesnt_matter,no,NA,NA,NA,6,1,6.310599804,-10.8046999
17249159535293d5d4a61341.29209930,NA,NA,LR,20131125,1,N/A,1385420318,25/11/2013 22:58,25/11/2013 14:58,27,25_34,male,somewhat_open,dont_know_doesnt_matter,NA,NA,NA,NA,NA,NA,4,1,6.5,-9.5
1318133139529494da2073f6.70422515,NA,NA,LR,20131126,1,N/A,1385469169,26/11/2013 12:32,26/11/2013 04:32,27,25_34,female,open,yes,yes,yes,yes,yes,yes,yes,10,1,6.5,-9.5
191955853452949cc44c6f56.73545975,Monrovia,Montserrado,LR,20131126,1,14,1385494323,26/11/2013 19:32,26/11/2013 11:32,under_14,under_14,female,closed,no,NA,NA,NA,NA,no,NA,5,1,6.310599804,-10.8046999
11028821575295ad591be598.87490810,NA,NA,LR,20131127,1,N/A,1385540967,27/11/2013 08:29,27/11/2013 00:29,21,18_24,male,open,yes,no,yes,yes,no,yes,yes,10,1,6.5,-9.5
12047992715295b4639dc0e6.69474179,NA,NA,LR,20131127,1,N/A,1385542786,27/11/2013 08:59,27/11/2013 00:59,21,18_24,female,open,yes,NA,yes,NA,NA,NA,NA,5,1,6.5,-9.5
8827697705295b9280950f4.16728386,Monrovia,Montserrado,LR,20131127,1,14,1385544008,27/11/2013 09:20,27/11/2013 01:20,54,45_54,male,somewhat_closed,yes,NA,yes,yes,yes,yes,NA,8,1,6.310599804,-10.8046999
20237048295295cc8960cf96.85150130,Monrovia,Montserrado,LR,20131127,1,14,1385549002,27/11/2013 10:43,27/11/2013 02:43,33,25_34,male,open,yes,yes,NA,NA,NA,NA,yes,6,1,6.310599804,-10.8046999
16896044035295e159d4d730.46683414,NA,NA,LR,20131127,1,N/A,1385554293,27/11/2013 12:11,27/11/2013 04:11,21,18_24,male,NA,NA,NA,NA,NA,NA,NA,NA,2,1,6.5,-9.5
17177516135295f6eb88f633.28405825,Monrovia,Montserrado,LR,20131127,1,14,1385559910,27/11/2013 13:45,27/11/2013 05:45,54,45_54,male,NA,NA,NA,NA,NA,NA,NA,NA,2,1,6.310599804,-10.8046999
172814590352960b955724f2.21158721,Monrovia,Montserrado,LR,20131127,1,14,1385565306,27/11/2013 15:15,27/11/2013 07:15,28,25_34,male,NA,NA,NA,NA,NA,NA,NA,NA,2,1,6.310599804,-10.8046999
16547657865296166d3948f6.15283577,NA,NA,LR,20131127,1,N/A,1385567906,27/11/2013 15:58,27/11/2013 07:58,14,14_17,male,NA,NA,NA,NA,NA,NA,NA,NA,2,1,6.5,-9.5
581740729529679b3c4f1e9.89335596,NA,NA,LR,20131127,1,N/A,1385593294,27/11/2013 23:01,27/11/2013 15:01,15,14_17,male,closed,no,no,no,NA,NA,no,NA,7,1,6.5,-9.5
12886696035296e3a591c935.65569845,Monrovia,Montserrado,LR,20131127,1,14,1385621762,28/11/2013 06:56,27/11/2013 22:56,49,45_54,male,NA,NA,NA,NA,NA,NA,NA,NA,2,1,6.310599804,-10.8046999
16948244265297554173ff97.60219015,Monrovia,Montserrado,LR,20131128,1,14,1385649588,28/11/2013 14:39,28/11/2013 06:39,30,25_34,male,open,NA,NA,NA,NA,NA,NA,NA,3,1,6.310599804,-10.8046999
17374444675297825c62d718.18412046,Monrovia,Montserrado,LR,20131128,1,14,1385661072,28/11/2013 17:51,28/11/2013 09:51,19,18_24,male,NA,NA,NA,NA,NA,NA,NA,NA,2,1,6.310599804,-10.8046999
10269401365297844e5a1248.87560733,NA,NA,LR,20131128,1,N/A,1385661571,28/11/2013 17:59,28/11/2013 09:59,26,25_34,female,somewhat_open,NA,NA,NA,NA,NA,NA,NA,3,1,6.5,-9.5
16916094865297b918c6f6a1.47244999,Monrovia,Montserrado,LR,20131128,1,14,1385676772,28/11/2013 22:12,28/11/2013 14:12,20,18_24,male,open,yes,yes,yes,NA,yes,yes,yes,9,1,6.310599804,-10.8046999
17776859845297bbe74786b0.04276746,NA,NA,LR,20131128,1,N/A,1385675762,28/11/2013 21:56,28/11/2013 13:56,20,18_24,female,open,yes,yes,yes,NA,yes,NA,no,8,1,6.5,-9.5
2272899295297c3ee44a7f9.40236119,NA,NA,LR,20131128,1,N/A,1385677858,28/11/2013 22:30,28/11/2013 14:30,19,18_24,male,somewhat_open,dont_know_doesnt_matter,dont_know_doesnt_matter,dont_know_doesnt_matter,dont_know_doesnt_matter,dont_know_doesnt_matter,dont_know_doesnt_matter,dont_know_doesnt_matter,10,1,6.5,-9.5
8181510685297c41cb22c97.79577159,Monrovia,Montserrado,LR,20131128,1,14,1385677863,28/11/2013 22:31,28/11/2013 14:31,22,18_24,male,somewhat_open,NA,NA,NA,NA,NA,NA,NA,3,1,6.310599804,-10.8046999
1.081E23,Monrovia,Montserrado,LR,20131129,1,14,1385722732,29/11/2013 10:58,29/11/2013 02:58,22,18_24,male,somewhat_open,yes,yes,yes,yes,yes,yes,yes,10,1,6.310599804,-10.8046999
1234679370529912b79e5ab5.06326124,Monrovia,Montserrado,LR,20131129,1,14,1385763528,29/11/2013 22:18,29/11/2013 14:18,27,25_34,male,NA,NA,NA,NA,NA,NA,NA,NA,2,1,6.310599804,-10.8046999
136334074852992628d9b032.00296884,Monrovia,Montserrado,LR,20131129,1,14,1385768514,29/11/2013 23:41,29/11/2013 15:41,29,25_34,male,open,dont_know_doesnt_matter,yes,dont_know_doesnt_matter,NA,yes,NA,no,8,1,6.310599804,-10.8046999
21107431635299939a4a7da3.22197709,NA,NA,LR,20131129,1,N/A,1385796590,30/11/2013 07:29,29/11/2013 23:29,31,25_34,male,open,yes,NA,NA,NA,NA,yes,NA,5,1,6.5,-9.5
286812186529a1844359334.34964259,Monrovia,Montserrado,LR,20131130,1,14,1385830628,30/11/2013 16:57,30/11/2013 08:57,21,18_24,male,somewhat_closed,yes,yes,yes,yes,yes,yes,yes,10,1,6.310599804,-10.8046999
2128514105529a28a8766bc5.44780158,NA,NA,LR,20131130,1,N/A,1385834743,30/11/2013 18:05,30/11/2013 10:05,78,65_and_over,male,NA,NA,NA,NA,NA,NA,NA,NA,2,1,6.5,-9.5
1911900867529b323e6c2ed7.68585202,NA,NA,LR,20131201,1,N/A,1385902687,01/12/2013 12:58,01/12/2013 04:58,22,18_24,female,NA,NA,NA,NA,NA,NA,NA,NA,2,1,6.5,-9.5
317479477529c00158c7d94.21694314,Monrovia,Montserrado,LR,20131201,1,14,1385955383,02/12/2013 03:36,01/12/2013 19:36,31,25_34,male,somewhat_closed,yes,yes,yes,yes,yes,yes,yes,10,1,6.310599804,-10.8046999
1043184131529c83bf69a329.82058696,Monrovia,Montserrado,LR,20131202,1,14,1385989069,02/12/2013 12:57,02/12/2013 04:57,32,25_34,female,NA,NA,NA,NA,NA,NA,NA,NA,2,1,6.310599804,-10.8046999
1370349300529c936358a767.18807396,Monrovia,Montserrado,LR,20131202,1,14,1385993074,02/12/2013 14:04,02/12/2013 06:04,15,14_17,male,open,yes,yes,yes,yes,yes,yes,yes,10,1,6.310599804,-10.8046999
1836390543529ce91c9a4743.84895651,NA,NA,LR,20131202,1,N/A,1386015115,02/12/2013 20:11,02/12/2013 12:11,42,35_44,female,somewhat_open,yes,yes,yes,yes,yes,yes,yes,10,1,6.5,-9.5
7595195529cfca2e2d195.37359481,NA,NA,LR,20131202,1,N/A,1386020110,02/12/2013 21:35,02/12/2013 13:35,36,35_44,female,NA,NA,NA,NA,NA,NA,NA,NA,2,1,6.5,-9.5
1154323331529d0a1c69e4c8.27248086,NA,NA,LR,20131202,1,N/A,1386023464,02/12/2013 22:31,02/12/2013 14:31,65,65_and_over,male,closed,yes,yes,yes,yes,NA,NA,dont_know_doesnt_matter,8,1,6.5,-9.5
1869469744529d25710b67f3.31230221,NA,NA,LR,20131202,1,N/A,1386030531,03/12/2013 00:28,02/12/2013 16:28,38,35_44,male,open,yes,yes,yes,yes,yes,yes,yes,10,1,6.5,-9.5
922440794529dcc8d547b96.54531509,NA,NA,LR,20131203,1,N/A,1386076385,03/12/2013 13:13,03/12/2013 05:13,26,25_34,male,NA,NA,NA,NA,NA,NA,NA,NA,2,1,6.5,-9.5
408904133529de38a9a1dc4.15130540,NA,NA,LR,20131203,1,N/A,1386079145,03/12/2013 13:59,03/12/2013 05:59,40,35_44,male,open,yes,yes,yes,yes,yes,yes,yes,10,1,6.5,-9.5
667365761529df1e1bc8ca5.94768417,NA,NA,LR,20131203,1,N/A,1386082817,03/12/2013 15:00,03/12/2013 07:00,25,25_34,male,open,dont_know_doesnt_matter,dont_know_doesnt_matter,dont_know_doesnt_matter,yes,yes,yes,yes,10,1,6.5,-9.5
383606162529e0c62476d49.62930276,Monrovia,Montserrado,LR,20131203,1,14,1386089680,03/12/2013 16:54,03/12/2013 08:54,65,65_and_over,male,open,no,NA,NA,NA,NA,NA,NA,4,1,6.310599804,-10.8046999
1119606693529e16aa1a75c1.55905964,NA,NA,LR,20131203,1,N/A,1386092221,03/12/2013 17:37,03/12/2013 09:37,15,14_17,male,NA,NA,NA,NA,NA,NA,NA,NA,2,1,6.5,-9.5
949578346529e59f265e3b2.28217210,NA,NA,LR,20131203,1,N/A,1386109585,03/12/2013 22:26,03/12/2013 14:26,25,25_34,male,NA,NA,NA,NA,NA,NA,NA,NA,2,1,6.5,-9.5
1079298429529ef145cb9415.77243339,NA,NA,LR,20131204,1,N/A,1386148193,04/12/2013 09:09,04/12/2013 01:09,38,35_44,female,NA,NA,NA,NA,NA,NA,NA,NA,2,1,6.5,-9.5
401877520529f0f346c4f24.58614074,NA,NA,LR,20131204,1,N/A,1386155877,04/12/2013 11:17,04/12/2013 03:17,18,18_24,male,NA,NA,NA,NA,NA,NA,NA,NA,2,1,6.5,-9.5
1456572274529f77c3b331e4.99995199,NA,NA,LR,20131204,1,N/A,1386183088,04/12/2013 18:51,04/12/2013 10:51,45,45_54,male,somewhat_open,yes,yes,yes,yes,yes,yes,yes,10,1,6.5,-9.5
596075978529f7a72a74196.84992112,NA,NA,LR,20131204,1,N/A,1386188802,04/12/2013 20:26,04/12/2013 12:26,30,25_34,female,NA,NA,NA,NA,NA,NA,NA,NA,2,1,6.5,-9.5
1493967096529fa563b18034.42520058,NA,NA,LR,20131204,1,N/A,1386194332,04/12/2013 21:58,04/12/2013 13:58,20,18_24,male,somewhat_open,NA,NA,NA,NA,NA,NA,NA,3,1,6.5,-9.5
130678042452a0496a605af9.81551788,NA,NA,LR,20131205,1,N/A,1386236286,05/12/2013 09:38,05/12/2013 01:38,35,35_44,male,NA,NA,NA,NA,NA,NA,NA,NA,2,1,6.5,-9.5
185926430352a049d2c2d526.61771127,Monrovia,Montserrado,LR,20131205,1,14,1386236896,05/12/2013 09:48,05/12/2013 01:48,37,35_44,male,somewhat_closed,yes,yes,yes,yes,yes,yes,yes,10,1,6.310599804,-10.8046999
114726926352a05c1f5a3905.36222970,Monrovia,Montserrado,LR,20131205,1,14,1386241107,05/12/2013 10:58,05/12/2013 02:58,19,18_24,male,open,yes,yes,yes,yes,yes,no,yes,10,1,6.310599804,-10.8046999
25654845652a0744048bc57.68280066,Monrovia,Montserrado,LR,20131205,1,14,1386247257,05/12/2013 12:40,05/12/2013 04:40,41,35_44,male,NA,NA,NA,NA,NA,NA,NA,NA,2,1,6.310599804,-10.8046999
57098496652a0e6dd0d1e07.21704740,Monrovia,Montserrado,LR,20131205,1,14,1386276592,05/12/2013 20:49,05/12/2013 12:49,48,45_54,male,open,dont_know_doesnt_matter,yes,yes,yes,yes,yes,yes,10,1,6.310599804,-10.8046999
205526693452a183d2983879.10028456,Monrovia,Montserrado,LR,20131206,1,14,1386316814,06/12/2013 08:00,06/12/2013 00:00,28,25_34,male,somewhat_open,dont_know_doesnt_matter,dont_know_doesnt_matter,dont_know_doesnt_matter,dont_know_doesnt_matter,yes,dont_know_doesnt_matter,dont_know_doesnt_matter,10,1,6.310599804,-10.8046999
130753934752a18ca9d05ff9.99593004,NA,NA,LR,20131206,1,N/A,1386319079,06/12/2013 08:37,06/12/2013 00:37,26,25_34,female,open,yes,yes,yes,yes,yes,yes,yes,10,1,6.5,-9.5
11064030452a1a2d5b354f0.18995626,NA,NA,LR,20131206,1,N/A,1386324721,06/12/2013 10:12,06/12/2013 02:12,16,14_17,male,NA,NA,NA,NA,NA,NA,NA,NA,2,1,6.5,-9.5
25597675652a1b2379327f1.42330543,NA,NA,LR,20131206,1,N/A,1386328700,06/12/2013 11:18,06/12/2013 03:18,20,18_24,male,somewhat_open,NA,NA,NA,NA,NA,NA,NA,3,1,6.5,-9.5
135340685352a1c2dced2183.51389437,NA,NA,LR,20131206,1,N/A,1386333047,06/12/2013 12:30,06/12/2013 04:30,18,18_24,male,somewhat_open,NA,NA,NA,NA,NA,NA,NA,3,1,6.5,-9.5
148318207552a1c636c173e6.28011207,Monrovia,Montserrado,LR,20131206,1,14,1386333786,06/12/2013 12:43,06/12/2013 04:43,30,25_34,male,somewhat_open,yes,NA,NA,NA,NA,NA,NA,4,1,6.310599804,-10.8046999
8824577652a1e15f395c38.67373240,NA,NA,LR,20131206,1,N/A,1386340760,06/12/2013 14:39,06/12/2013 06:39,22,18_24,female,NA,NA,NA,NA,NA,NA,NA,NA,2,1,6.5,-9.5
191171655752a1ec2c38dd96.07618121,NA,NA,LR,20131206,1,N/A,1386343535,06/12/2013 15:25,06/12/2013 07:25,31,25_34,male,NA,NA,NA,NA,NA,NA,NA,NA,2,1,6.5,-9.5
107111442352a202e935ee45.67394450,Monrovia,Montserrado,LR,20131206,1,14,1386349311,06/12/2013 17:01,06/12/2013 09:01,20,18_24,male,somewhat_open,yes,yes,yes,yes,yes,yes,yes,10,1,6.310599804,-10.8046999
154203983152a222d6223981.24078787,Monrovia,Montserrado,LR,20131206,1,14,1386357644,06/12/2013 19:20,06/12/2013 11:20,20,18_24,male,NA,NA,NA,NA,NA,NA,NA,NA,2,1,6.310599804,-10.8046999
184230516252a2e8fa837034.35760443,Monrovia,Montserrado,LR,20131207,1,14,1386408322,07/12/2013 09:25,07/12/2013 01:25,21,18_24,male,open,no,NA,NA,NA,NA,NA,NA,4,1,6.310599804,-10.8046999
17105313252a31a73f1a425.32998689,Monrovia,Montserrado,LR,20131207,1,14,1386421002,07/12/2013 12:56,07/12/2013 04:56,19,18_24,male,somewhat_open,yes,yes,yes,yes,yes,yes,yes,10,1,6.310599804,-10.8046999
160839417452a323996f71e5.83472237,NA,NA,LR,20131207,1,N/A,1386423207,07/12/2013 13:33,07/12/2013 05:33,23,18_24,male,somewhat_open,yes,yes,yes,dont_know_doesnt_matter,yes,yes,yes,10,1,6.5,-9.5
108905625152a359e149e327.49015897,NA,NA,LR,20131207,1,N/A,1386437148,07/12/2013 17:25,07/12/2013 09:25,52,45_54,male,NA,NA,NA,NA,NA,NA,NA,NA,2,1,6.5,-9.5
118262521852a48a9fda8ec4.88719238,NA,NA,LR,20131208,1,N/A,1386515440,08/12/2013 15:10,08/12/2013 07:10,14,14_17,male,somewhat_open,NA,NA,NA,NA,NA,NA,NA,3,1,6.5,-9.5
136802045652a4ae3e474352.85183437,NA,NA,LR,20131208,1,N/A,1386524254,08/12/2013 17:37,08/12/2013 09:37,24,18_24,male,open,yes,NA,NA,NA,NA,NA,NA,4,1,6.5,-9.5
16016275452a4f1dce337a2.03810164,Monrovia,Montserrado,LR,20131208,1,14,1386541546,08/12/2013 22:25,08/12/2013 14:25,42,35_44,male,closed,yes,yes,yes,yes,yes,yes,yes,10,1,6.310599804,-10.8046999
69053819552a575b47ac1e5.84974699,NA,NA,LR,20131208,1,N/A,1386575333,09/12/2013 07:48,08/12/2013 23:48,33,25_34,male,NA,NA,NA,NA,NA,NA,NA,NA,2,1,6.5,-9.5
97433344952a591271f78d8.41521988,Monrovia,Montserrado,LR,20131209,1,14,1386582590,09/12/2013 09:49,09/12/2013 01:49,26,25_34,male,NA,NA,NA,NA,NA,NA,NA,NA,2,1,6.310599804,-10.8046999
137233834052a5d76297eff9.35008267,NA,NA,LR,20131209,1,N/A,1386600303,09/12/2013 14:45,09/12/2013 06:45,31,25_34,female,somewhat_open,dont_know_doesnt_matter,yes,no,yes,yes,yes,no,10,1,6.5,-9.5
43875796252a5d84f861720.78009024,Monrovia,Montserrado,LR,20131209,1,14,1386600585,09/12/2013 14:49,09/12/2013 06:49,24,18_24,male,open,yes,yes,yes,yes,yes,yes,yes,10,1,6.310599804,-10.8046999
205033799252a5d9c917a3a8.73115516,NA,NA,LR,20131209,1,N/A,1386601048,09/12/2013 14:57,09/12/2013 06:57,25,25_34,male,NA,NA,NA,NA,NA,NA,NA,NA,2,1,6.5,-9.5
