-- phpMyAdmin SQL Dump
-- version 3.5.7
-- http://www.phpmyadmin.net
--
-- Host: localhost
-- Generation Time: May 14, 2014 at 09:50 PM
-- Server version: 5.6.10
-- PHP Version: 5.4.24

SET SQL_MODE="NO_AUTO_VALUE_ON_ZERO";
SET time_zone = "+00:00";


/*!40101 SET @OLD_CHARACTER_SET_CLIENT=@@CHARACTER_SET_CLIENT */;
/*!40101 SET @OLD_CHARACTER_SET_RESULTS=@@CHARACTER_SET_RESULTS */;
/*!40101 SET @OLD_COLLATION_CONNECTION=@@COLLATION_CONNECTION */;
/*!40101 SET NAMES utf8 */;

--
-- Database: `opengovnow`
--

-- --------------------------------------------------------

--
-- Table structure for table `mining`
--

CREATE TABLE IF NOT EXISTS `mining` (
  `countryname` varchar(40) DEFAULT NULL,
  `chart1a` decimal(10,2) DEFAULT NULL,
  `chart1b` decimal(10,2) DEFAULT NULL,
  `chart1c` decimal(10,2) DEFAULT NULL,
  `chart1d` decimal(10,2) DEFAULT NULL,
  `chart1e` decimal(10,2) DEFAULT NULL,
  `chart1f` decimal(10,2) DEFAULT NULL,
  `chart2a` decimal(10,2) DEFAULT NULL,
  `chart2b` decimal(10,2) DEFAULT NULL,
  `chart3a` decimal(10,2) DEFAULT NULL,
  `chart3b` decimal(10,2) DEFAULT NULL,
  `chart3c` decimal(10,2) DEFAULT NULL,
  `chart3d` decimal(10,2) DEFAULT NULL,
  `chart3e` decimal(10,2) DEFAULT NULL,
  `chart3f` decimal(10,2) DEFAULT NULL,
  `chart3g` decimal(10,2) DEFAULT NULL,
  `chart4a` decimal(10,2) DEFAULT NULL,
  `chart4b` decimal(10,2) DEFAULT NULL,
  `chart4c` decimal(10,2) DEFAULT NULL,
  `chart4d` decimal(10,2) DEFAULT NULL,
  `chart4e` decimal(10,2) DEFAULT NULL,
  `chart5a` decimal(10,2) DEFAULT NULL,
  `chart5b` decimal(10,2) DEFAULT NULL,
  `chart5c` decimal(10,2) DEFAULT NULL,
  `chart5d` decimal(10,2) DEFAULT NULL,
  `chart5e` decimal(10,2) DEFAULT NULL,
  `chart6a` decimal(10,2) DEFAULT NULL,
  `chart6b` decimal(10,2) DEFAULT NULL,
  `chart6c` decimal(10,2) DEFAULT NULL,
  `chart6d` decimal(10,2) DEFAULT NULL,
  `chart6e` decimal(10,2) DEFAULT NULL,
  `chart7a` decimal(10,2) DEFAULT NULL,
  `chart7b` decimal(10,2) DEFAULT NULL,
  `chart7c` decimal(10,2) DEFAULT NULL,
  `chart7d` decimal(10,2) DEFAULT NULL,
  `chart7e` decimal(10,2) DEFAULT NULL,
  `chart8a` decimal(10,2) DEFAULT NULL,
  `chart8b` decimal(10,2) DEFAULT NULL,
  `chart8c` decimal(10,2) DEFAULT NULL,
  `chart8d` decimal(10,2) DEFAULT NULL,
  `chart8e` decimal(10,2) DEFAULT NULL,
  `chart9a` decimal(10,2) DEFAULT NULL,
  `chart9b` decimal(10,2) DEFAULT NULL,
  `chart9c` decimal(10,2) DEFAULT NULL,
  `chart9d` decimal(10,2) DEFAULT NULL,
  `chart9e` decimal(10,2) DEFAULT NULL,
  `chart10a` decimal(10,2) DEFAULT NULL,
  `chart10b` decimal(10,2) DEFAULT NULL,
  `chart10c` decimal(10,2) DEFAULT NULL,
  `chart10d` decimal(10,2) DEFAULT NULL,
  `chart10e` decimal(10,2) DEFAULT NULL,
  `chart11a` decimal(10,2) DEFAULT NULL,
  `chart11b` decimal(10,2) DEFAULT NULL,
  `chart11c` decimal(10,2) DEFAULT NULL,
  `chart11d` decimal(10,2) DEFAULT NULL,
  `chart11e` decimal(10,2) DEFAULT NULL,
  `chart11f` decimal(10,2) DEFAULT NULL,
  `chart12a` decimal(10,2) DEFAULT NULL,
  `chart12b` decimal(10,2) DEFAULT NULL,
  `chart12c` decimal(10,2) DEFAULT NULL,
  `chart12d` decimal(10,2) DEFAULT NULL,
  `chart12e` decimal(10,2) DEFAULT NULL,
  `chart13a` decimal(10,2) DEFAULT NULL,
  `chart13b` decimal(10,2) DEFAULT NULL,
  `chart14a` decimal(10,2) DEFAULT NULL,
  `chart14b` decimal(10,2) DEFAULT NULL,
  `chart14c` decimal(10,2) DEFAULT NULL
) ENGINE=InnoDB DEFAULT CHARSET=utf8;

--
-- Dumping data for table `mining`
--

INSERT INTO `mining` (`countryname`, `chart1a`, `chart1b`, `chart1c`, `chart1d`, `chart1e`, `chart1f`, `chart2a`, `chart2b`, `chart3a`, `chart3b`, `chart3c`, `chart3d`, `chart3e`, `chart3f`, `chart3g`, `chart4a`, `chart4b`, `chart4c`, `chart4d`, `chart4e`, `chart5a`, `chart5b`, `chart5c`, `chart5d`, `chart5e`, `chart6a`, `chart6b`, `chart6c`, `chart6d`, `chart6e`, `chart7a`, `chart7b`, `chart7c`, `chart7d`, `chart7e`, `chart8a`, `chart8b`, `chart8c`, `chart8d`, `chart8e`, `chart9a`, `chart9b`, `chart9c`, `chart9d`, `chart9e`, `chart10a`, `chart10b`, `chart10c`, `chart10d`, `chart10e`, `chart11a`, `chart11b`, `chart11c`, `chart11d`, `chart11e`, `chart11f`, `chart12a`, `chart12b`, `chart12c`, `chart12d`, `chart12e`, `chart13a`, `chart13b`, `chart14a`, `chart14b`, `chart14c`) VALUES
('Australia', '12.34', '18.12', '18.30', '17.27', '15.14', '18.82', '49.80', '50.20', '27.47', '10.29', '14.10', '6.60', '11.94', '10.75', '18.86', '28.85', '35.02', '12.67', '13.34', '10.13', '21.78', '26.96', '27.60', '12.75', '10.91', '19.81', '24.31', '33.72', '12.21', '9.95', '25.77', '39.63', '23.05', '4.89', '6.67', '27.78', '38.06', '19.66', '8.22', '6.27', '18.43', '39.02', '26.34', '9.27', '6.94', '13.15', '20.77', '22.01', '24.95', '19.12', '7.42', '24.76', '11.17', '11.31', '8.84', '36.50', '34.42', '10.21', '20.73', '14.65', '20.00', '54.59', '45.41', '23.98', '40.69', '35.33'),
('Canada', '11.56', '16.49', '16.01', '18.68', '16.49', '20.78', '49.22', '50.78', '10.86', '17.74', '13.43', '11.91', '14.37', '13.76', '17.93', '24.06', '25.87', '18.77', '16.39', '14.92', '20.10', '22.96', '26.53', '15.03', '15.38', '21.88', '20.39', '26.18', '15.07', '16.48', '20.85', '32.07', '30.53', '8.17', '8.38', '22.58', '29.91', '29.05', '9.35', '9.11', '18.42', '27.66', '34.24', '10.01', '9.67', '20.41', '19.14', '27.70', '16.48', '16.27', '7.08', '29.69', '10.70', '9.56', '12.25', '30.73', '32.40', '8.46', '21.33', '11.12', '26.70', '44.56', '55.44', '14.19', '44.26', '41.55'),
('Chile', '15.94', '20.31', '18.77', '19.08', '12.87', '13.03', '48.51', '51.49', '67.67', '4.41', '7.37', '3.57', '6.66', '2.46', '7.85', '52.06', '34.02', '3.97', '6.19', '3.76', '23.79', '31.71', '33.20', '7.65', '3.65', '20.60', '26.02', '42.51', '6.02', '4.85', '33.11', '35.63', '22.49', '5.33', '3.44', '44.84', '32.56', '12.30', '6.11', '4.18', '23.97', '39.98', '24.78', '6.84', '4.42', '13.02', '18.38', '17.54', '33.06', '18.00', '4.65', '20.36', '14.56', '15.68', '14.97', '29.77', '41.70', '7.45', '20.25', '20.65', '9.95', '47.49', '52.51', '23.97', '53.45', '22.58'),
('Colombia', '18.56', '22.54', '19.86', '17.93', '11.66', '9.45', '48.61', '51.39', '10.16', '30.06', '27.85', '2.03', '13.64', '5.35', '10.90', '22.40', '40.27', '8.22', '21.83', '7.27', '16.32', '26.98', '29.82', '20.00', '6.88', '16.60', '24.96', '36.91', '13.38', '8.14', '16.57', '39.29', '25.04', '12.76', '6.33', '16.22', '40.59', '18.24', '16.17', '8.78', '12.95', '34.18', '23.75', '20.14', '8.98', '10.21', '19.18', '14.29', '32.27', '24.05', '4.72', '20.09', '13.59', '16.51', '16.62', '28.47', '34.81', '11.25', '20.40', '23.00', '10.54', '26.54', '73.46', '14.91', '61.96', '23.13'),
('Ghana', '23.03', '27.37', '19.88', '13.81', '8.55', '7.36', '48.66', '51.34', '16.87', '17.04', '31.54', '1.71', '7.26', '6.34', '19.24', '31.23', '38.86', '11.84', '13.07', '5.01', '23.09', '31.43', '20.94', '16.59', '7.95', '23.21', '28.14', '29.57', '12.40', '6.67', '24.66', '44.51', '19.41', '9.36', '2.05', '22.31', '40.51', '23.53', '10.68', '2.96', '18.80', '38.95', '26.40', '12.01', '3.84', '16.62', '28.61', '16.21', '26.15', '12.41', '14.23', '16.52', '16.36', '13.58', '20.12', '19.20', '25.72', '24.74', '20.72', '21.12', '7.70', '50.86', '49.14', '20.83', '44.98', '34.19'),
('Indonesia', '17.23', '23.56', '22.31', '16.29', '11.16', '9.45', '49.60', '50.40', '17.50', '33.50', '21.26', '1.70', '5.02', '4.56', '16.46', '36.53', '40.55', '9.27', '10.26', '3.39', '26.51', '37.70', '21.12', '10.91', '3.76', '25.21', '35.15', '28.29', '8.07', '3.27', '25.02', '45.34', '20.59', '6.96', '2.09', '24.27', '44.82', '18.68', '8.61', '3.61', '18.92', '42.97', '26.04', '8.85', '3.22', '20.06', '31.71', '19.21', '20.14', '8.88', '5.58', '19.76', '21.18', '25.62', '10.95', '16.91', '45.88', '3.23', '11.07', '27.72', '12.10', '50.93', '49.07', '16.84', '54.28', '28.88'),
('India', '12.80', '17.86', '16.89', '18.13', '16.10', '18.22', '48.71', '51.29', '6.62', '10.18', '21.96', '2.38', '10.51', '17.76', '30.59', '29.21', '48.99', '9.60', '7.95', '4.25', '31.51', '38.96', '17.26', '9.55', '2.72', '30.69', '36.63', '23.67', '5.65', '3.35', '22.29', '45.68', '18.89', '8.65', '4.49', '21.68', '37.70', '20.49', '12.63', '7.50', '19.88', '41.94', '21.55', '11.50', '5.14', '20.95', '25.79', '19.09', '21.36', '12.81', '3.74', '31.92', '15.38', '9.70', '20.29', '18.96', '32.39', '6.22', '26.56', '19.53', '15.31', '48.67', '51.33', '22.35', '41.97', '35.68'),
('Mozambique', '29.41', '26.81', '18.63', '11.57', '7.36', '6.22', '47.10', '52.90', '24.82', '18.71', '27.07', '3.51', '7.75', '3.38', '14.76', '27.53', '48.51', '13.24', '7.90', '2.81', '17.82', '37.90', '31.00', '9.99', '3.29', '16.30', '32.72', '39.79', '8.49', '2.70', '18.06', '40.80', '33.13', '6.03', '1.98', '20.95', '45.04', '20.18', '10.71', '3.11', '13.87', '39.75', '31.78', '12.35', '2.25', '8.81', '24.01', '18.88', '35.72', '12.58', '5.35', '14.26', '17.10', '21.01', '28.78', '13.50', '25.40', '6.42', '17.77', '44.19', '6.22', '44.80', '55.20', '20.79', '50.41', '28.80'),
('Senegal', '27.26', '28.77', '18.41', '12.47', '7.38', '5.71', '46.54', '53.46', '7.69', '7.38', '36.56', '13.25', '10.65', '10.20', '14.28', '21.92', '35.89', '25.60', '12.68', '3.91', '16.64', '30.16', '33.84', '15.30', '4.06', '16.11', '27.87', '38.70', '12.60', '4.72', '16.30', '37.40', '30.77', '12.46', '3.08', '16.80', '39.65', '29.76', '10.27', '3.51', '13.78', '36.29', '33.57', '13.46', '2.91', '9.72', '26.19', '28.39', '27.46', '8.25', '5.04', '17.69', '14.90', '21.84', '23.26', '17.26', '39.16', '9.86', '20.26', '15.22', '15.50', '34.58', '65.42', '12.81', '43.80', '43.39'),
('Tunisia', '16.43', '23.64', '20.39', '17.70', '11.13', '10.70', '49.16', '50.84', '5.13', '15.67', '30.22', '6.56', '6.27', '11.86', '24.29', '20.71', '40.62', '21.88', '10.64', '6.15', '18.67', '33.61', '27.73', '14.24', '5.75', '17.21', '22.02', '44.36', '9.14', '7.27', '22.62', '38.91', '20.37', '8.81', '9.28', '24.83', '34.84', '22.95', '10.95', '6.43', '26.59', '34.19', '25.79', '7.59', '5.84', '11.56', '24.40', '19.21', '31.15', '13.69', '2.30', '18.12', '15.42', '26.09', '21.62', '16.44', '55.75', '3.17', '6.80', '9.02', '25.25', '40.76', '59.24', '13.78', '47.33', '38.89'),
('Tanzania', '26.52', '29.53', '19.72', '11.05', '7.16', '6.02', '49.14', '50.86', '24.27', '10.43', '32.49', '3.18', '4.96', '11.10', '13.58', '22.58', '45.84', '14.49', '12.40', '4.69', '17.15', '40.70', '20.64', '15.92', '5.59', '18.51', '33.95', '29.06', '12.24', '6.25', '19.11', '47.31', '19.32', '9.88', '4.38', '19.67', '41.03', '22.31', '12.08', '4.92', '13.26', '45.37', '22.87', '13.26', '5.24', '13.24', '28.22', '15.94', '29.05', '13.56', '5.95', '13.83', '21.17', '11.08', '31.46', '16.51', '24.58', '16.57', '34.62', '14.27', '9.95', '36.24', '63.76', '21.33', '48.16', '30.51'),
('Uganda', '31.90', '29.76', '17.61', '10.64', '5.31', '4.78', '49.48', '50.52', '2.80', '10.41', '52.60', '2.30', '4.62', '9.19', '18.09', '22.65', '52.03', '16.52', '6.36', '2.45', '16.32', '41.14', '29.82', '10.51', '2.22', '16.00', '34.89', '35.75', '8.95', '4.42', '21.37', '48.67', '20.52', '6.21', '3.22', '26.36', '38.96', '22.95', '8.10', '3.63', '16.95', '46.39', '27.38', '7.02', '2.25', '11.30', '24.19', '21.13', '32.80', '10.57', '11.60', '14.58', '20.95', '16.78', '19.49', '16.60', '20.63', '18.30', '38.09', '12.12', '10.86', '28.19', '71.81', '15.05', '53.59', '31.36'),
('South Africa', '22.40', '27.65', '16.57', '13.65', '10.53', '9.21', '49.44', '50.56', '38.70', '8.65', '15.44', '2.29', '7.03', '10.88', '17.03', '36.23', '42.60', '8.76', '8.36', '4.06', '24.65', '38.27', '25.25', '8.39', '3.45', '22.76', '30.43', '34.36', '8.14', '4.30', '26.50', '39.74', '22.93', '6.99', '3.84', '26.46', '37.88', '19.90', '9.85', '5.91', '18.53', '41.82', '26.47', '8.38', '4.80', '14.36', '26.14', '20.70', '24.16', '14.64', '5.28', '19.17', '11.89', '26.78', '15.05', '21.83', '30.85', '10.36', '28.52', '19.88', '10.39', '52.24', '47.76', '16.87', '48.34', '34.79'),
('Zambia', '28.19', '30.44', '19.46', '10.69', '6.10', '5.12', '49.72', '50.28', '59.81', '3.11', '14.19', '0.91', '4.79', '3.95', '13.23', '42.93', '45.88', '5.83', '4.00', '1.36', '24.38', '42.61', '21.84', '8.92', '2.25', '21.48', '37.83', '31.16', '6.45', '3.08', '31.81', '43.92', '17.42', '5.07', '1.77', '28.34', '47.31', '15.25', '6.73', '2.36', '20.04', '47.39', '23.87', '5.89', '2.81', '11.95', '23.46', '14.92', '37.73', '11.93', '4.83', '12.01', '22.87', '19.20', '28.19', '12.90', '15.45', '7.13', '42.31', '27.08', '8.04', '48.35', '51.65', '33.28', '41.37', '25.35'),
('Global', '12.80', '17.86', '16.89', '18.13', '16.10', '18.22', '48.71', '51.29', '23.42', '12.26', '20.92', '6.88', '9.88', '9.88', '16.75', '30.29', '36.74', '13.97', '11.72', '7.27', '21.28', '31.28', '26.87', '13.07', '7.50', '20.74', '26.88', '32.42', '11.33', '8.62', '23.96', '39.54', '23.77', '8.03', '4.70', '26.07', '37.59', '21.29', '9.58', '5.48', '18.24', '38.54', '27.44', '10.34', '5.44', '14.09', '23.28', '20.33', '28.19', '14.11', '6.24', '18.74', '15.81', '16.54', '20.12', '22.56', '32.23', '10.08', '25.67', '18.94', '13.08', '42.81', '57.19', '19.53', '48.83', '31.63');

-- --------------------------------------------------------

--
-- Table structure for table `oil`
--

CREATE TABLE IF NOT EXISTS `oil` (
  `countryname` varchar(10) DEFAULT NULL,
  `chart1a` decimal(10,2) DEFAULT NULL,
  `chart1b` decimal(10,2) DEFAULT NULL,
  `chart1c` decimal(10,2) DEFAULT NULL,
  `chart1d` decimal(10,2) DEFAULT NULL,
  `chart1e` decimal(10,2) DEFAULT NULL,
  `chart1f` decimal(10,2) DEFAULT NULL,
  `chart2a` decimal(10,2) DEFAULT NULL,
  `chart2b` decimal(10,2) DEFAULT NULL,
  `chart3a` decimal(10,2) DEFAULT NULL,
  `chart3b` decimal(10,2) DEFAULT NULL,
  `chart3c` decimal(10,2) DEFAULT NULL,
  `chart3d` decimal(10,2) DEFAULT NULL,
  `chart3e` decimal(10,2) DEFAULT NULL,
  `chart3f` decimal(10,2) DEFAULT NULL,
  `chart3g` decimal(10,2) DEFAULT NULL,
  `chart4a` decimal(10,2) DEFAULT NULL,
  `chart4b` decimal(10,2) DEFAULT NULL,
  `chart4c` decimal(10,2) DEFAULT NULL,
  `chart4d` decimal(10,2) DEFAULT NULL,
  `chart4e` decimal(10,2) DEFAULT NULL,
  `chart5a` decimal(10,2) DEFAULT NULL,
  `chart5b` decimal(10,2) DEFAULT NULL,
  `chart5c` decimal(10,2) DEFAULT NULL,
  `chart5d` decimal(10,2) DEFAULT NULL,
  `chart5e` decimal(10,2) DEFAULT NULL,
  `chart6a` decimal(10,2) DEFAULT NULL,
  `chart6b` decimal(10,2) DEFAULT NULL,
  `chart6c` decimal(10,2) DEFAULT NULL,
  `chart6d` decimal(10,2) DEFAULT NULL,
  `chart6e` decimal(10,2) DEFAULT NULL,
  `chart7a` decimal(10,2) DEFAULT NULL,
  `chart7b` decimal(10,2) DEFAULT NULL,
  `chart7c` decimal(10,2) DEFAULT NULL,
  `chart7d` decimal(10,2) DEFAULT NULL,
  `chart7e` decimal(10,2) DEFAULT NULL,
  `chart8a` decimal(10,2) DEFAULT NULL,
  `chart8b` decimal(10,2) DEFAULT NULL,
  `chart8c` decimal(10,2) DEFAULT NULL,
  `chart8d` decimal(10,2) DEFAULT NULL,
  `chart8e` decimal(10,2) DEFAULT NULL,
  `chart9a` decimal(10,2) DEFAULT NULL,
  `chart9b` decimal(10,2) DEFAULT NULL,
  `chart9c` decimal(10,2) DEFAULT NULL,
  `chart9d` decimal(10,2) DEFAULT NULL,
  `chart9e` decimal(10,2) DEFAULT NULL,
  `chart10a` decimal(10,2) DEFAULT NULL,
  `chart10b` decimal(10,2) DEFAULT NULL,
  `chart10c` decimal(10,2) DEFAULT NULL,
  `chart10d` decimal(10,2) DEFAULT NULL,
  `chart10e` decimal(10,2) DEFAULT NULL,
  `chart11a` decimal(10,2) DEFAULT NULL,
  `chart11b` decimal(10,2) DEFAULT NULL,
  `chart11c` decimal(10,2) DEFAULT NULL,
  `chart11d` decimal(10,2) DEFAULT NULL,
  `chart11e` decimal(10,2) DEFAULT NULL,
  `chart11f` decimal(10,2) DEFAULT NULL,
  `chart12a` decimal(10,2) DEFAULT NULL,
  `chart12b` decimal(10,2) DEFAULT NULL,
  `chart12c` decimal(10,2) DEFAULT NULL,
  `chart12d` decimal(10,2) DEFAULT NULL,
  `chart12e` decimal(10,2) DEFAULT NULL,
  `chart13a` decimal(10,2) DEFAULT NULL,
  `chart13b` decimal(10,2) DEFAULT NULL,
  `chart14a` decimal(10,2) DEFAULT NULL,
  `chart14b` decimal(10,2) DEFAULT NULL,
  `chart14c` decimal(10,2) DEFAULT NULL
) ENGINE=InnoDB DEFAULT CHARSET=utf8;

--
-- Dumping data for table `oil`
--

INSERT INTO `oil` (`countryname`, `chart1a`, `chart1b`, `chart1c`, `chart1d`, `chart1e`, `chart1f`, `chart2a`, `chart2b`, `chart3a`, `chart3b`, `chart3c`, `chart3d`, `chart3e`, `chart3f`, `chart3g`, `chart4a`, `chart4b`, `chart4c`, `chart4d`, `chart4e`, `chart5a`, `chart5b`, `chart5c`, `chart5d`, `chart5e`, `chart6a`, `chart6b`, `chart6c`, `chart6d`, `chart6e`, `chart7a`, `chart7b`, `chart7c`, `chart7d`, `chart7e`, `chart8a`, `chart8b`, `chart8c`, `chart8d`, `chart8e`, `chart9a`, `chart9b`, `chart9c`, `chart9d`, `chart9e`, `chart10a`, `chart10b`, `chart10c`, `chart10d`, `chart10e`, `chart11a`, `chart11b`, `chart11c`, `chart11d`, `chart11e`, `chart11f`, `chart12a`, `chart12b`, `chart12c`, `chart12d`, `chart12e`, `chart13a`, `chart13b`, `chart14a`, `chart14b`, `chart14c`) VALUES
('Australia', '12.34', '18.12', '18.30', '17.27', '15.14', '18.82', '49.80', '50.20', '27.78', '10.10', '13.09', '8.63', '10.13', '10.07', '20.19', '24.24', '34.88', '14.69', '14.13', '12.06', '20.04', '29.92', '23.54', '15.34', '11.16', '19.92', '28.09', '25.83', '13.48', '12.67', '22.07', '38.06', '25.85', '6.68', '7.34', '24.35', '37.55', '23.18', '6.11', '8.81', '15.94', '36.00', '31.93', '8.58', '7.55', '16.06', '22.57', '23.11', '20.78', '17.48', '6.89', '20.30', '13.97', '11.73', '12.90', '34.21', '36.92', '9.69', '16.55', '15.58', '21.26', '47.71', '52.29', '20.70', '42.53', '36.78'),
('Canada', '11.56', '16.49', '16.01', '18.68', '16.49', '20.78', '49.22', '50.78', '11.83', '17.56', '13.04', '12.11', '13.53', '14.39', '17.56', '25.27', '26.60', '15.88', '17.20', '15.06', '21.93', '26.10', '20.97', '15.66', '15.34', '22.27', '24.30', '22.20', '15.44', '15.79', '28.37', '32.67', '22.83', '8.86', '7.29', '27.13', '30.93', '19.55', '10.97', '11.42', '21.98', '31.34', '22.37', '14.01', '10.30', '19.36', '21.29', '17.27', '20.60', '21.49', '5.53', '25.78', '12.69', '9.49', '12.69', '33.82', '37.65', '10.63', '18.21', '14.56', '18.95', '50.99', '49.01', '19.30', '41.37', '39.33'),
('Colombia', '18.56', '22.54', '19.86', '17.93', '11.66', '9.45', '48.61', '51.39', '9.08', '29.19', '27.27', '2.08', '13.67', '7.39', '11.32', '32.20', '43.16', '11.24', '9.55', '3.84', '21.69', '36.71', '27.38', '10.17', '4.06', '20.78', '36.66', '26.86', '11.22', '4.48', '23.03', '41.82', '23.06', '7.83', '4.26', '26.95', '38.27', '13.04', '14.42', '7.31', '19.12', '39.61', '24.57', '10.63', '6.08', '15.57', '26.79', '11.07', '30.18', '16.39', '3.98', '17.74', '10.69', '24.72', '10.38', '32.49', '38.24', '11.42', '14.86', '21.11', '14.36', '34.11', '65.89', '19.34', '58.27', '22.40'),
('Ghana', '23.03', '27.37', '19.88', '13.81', '8.55', '7.36', '48.66', '51.34', '16.90', '19.65', '32.38', '1.77', '6.35', '6.65', '16.31', '33.79', '44.40', '15.83', '4.27', '1.71', '28.15', '33.25', '27.95', '7.19', '3.46', '22.46', '35.06', '31.49', '7.14', '3.84', '26.31', '37.45', '27.82', '5.38', '3.04', '26.61', '38.51', '26.21', '4.36', '4.31', '22.07', '31.14', '35.04', '6.84', '4.90', '20.30', '31.23', '29.12', '13.78', '5.57', '8.81', '15.34', '19.81', '18.37', '14.66', '23.00', '32.69', '26.99', '15.56', '17.27', '7.49', '51.59', '48.41', '30.96', '40.50', '28.54'),
('Indonesia', '17.23', '23.56', '22.31', '16.29', '11.16', '9.45', '49.60', '50.40', '17.92', '33.88', '22.79', '1.91', '4.15', '4.54', '14.81', '41.44', '38.15', '7.55', '7.58', '5.28', '27.71', '42.92', '19.19', '8.04', '2.15', '29.49', '36.20', '22.69', '6.52', '5.10', '29.20', '40.78', '20.23', '6.99', '2.80', '32.29', '37.19', '14.05', '11.35', '5.13', '19.03', '45.78', '24.10', '8.40', '2.70', '19.04', '36.76', '14.72', '22.64', '6.83', '4.40', '15.48', '26.45', '17.27', '6.91', '29.48', '40.16', '1.74', '13.14', '34.68', '10.28', '40.39', '59.61', '24.06', '54.90', '21.05'),
('India', '12.80', '17.86', '16.89', '18.13', '16.10', '18.22', '48.71', '51.29', '8.00', '11.27', '17.64', '2.49', '9.72', '16.77', '34.11', '34.39', '38.88', '10.09', '10.47', '6.16', '30.32', '38.13', '12.84', '14.20', '4.52', '32.53', '38.44', '14.85', '8.33', '5.86', '29.15', '40.81', '17.39', '10.11', '2.53', '27.81', '33.63', '9.76', '20.07', '8.73', '21.90', '36.15', '20.08', '15.35', '6.52', '22.50', '29.84', '12.86', '27.22', '7.58', '3.70', '33.91', '16.10', '16.43', '13.25', '16.61', '30.96', '5.11', '28.72', '19.55', '15.65', '52.17', '47.83', '23.53', '37.54', '38.93'),
('Mozambique', '29.41', '26.81', '18.63', '11.57', '7.36', '6.22', '47.10', '52.90', '24.73', '18.51', '28.80', '2.70', '6.96', '3.91', '14.39', '29.58', '47.75', '14.31', '6.54', '1.82', '22.08', '36.13', '29.16', '9.33', '3.31', '21.27', '32.92', '31.92', '8.47', '5.43', '18.97', '35.58', '35.54', '7.26', '2.64', '25.00', '38.15', '23.47', '10.57', '2.80', '19.49', '39.50', '29.68', '9.24', '2.09', '13.42', '24.37', '19.07', '36.69', '6.44', '6.00', '16.91', '14.86', '17.44', '29.12', '15.67', '30.79', '5.75', '16.65', '42.47', '4.34', '50.47', '49.53', '19.42', '49.15', '31.43'),
('Tunisia', '16.43', '23.64', '20.39', '17.70', '11.13', '10.70', '49.16', '50.84', '8.06', '16.64', '28.80', '7.59', '6.78', '14.05', '18.08', '22.53', '29.51', '23.71', '14.26', '9.99', '20.30', '25.85', '28.10', '18.48', '7.28', '19.91', '23.38', '34.72', '13.86', '8.13', '22.42', '30.98', '21.44', '14.25', '10.91', '24.07', '28.73', '20.43', '16.20', '10.57', '23.57', '28.02', '23.87', '14.44', '10.10', '14.90', '17.92', '25.04', '25.22', '16.91', '3.90', '16.38', '14.00', '27.77', '22.44', '15.50', '47.86', '2.48', '7.94', '18.85', '22.87', '38.20', '61.80', '9.00', '54.81', '36.19'),
('Tanzania', '26.52', '29.53', '19.72', '11.05', '7.16', '6.02', '49.14', '50.86', '23.17', '12.68', '30.52', '4.72', '5.83', '8.95', '14.12', '29.11', '44.07', '13.60', '9.43', '3.80', '23.05', '43.37', '20.21', '8.40', '4.97', '24.58', '39.89', '19.36', '9.98', '6.19', '24.15', '50.01', '15.60', '6.40', '3.84', '22.85', '48.10', '18.92', '5.95', '4.18', '18.40', '46.70', '21.16', '7.94', '5.80', '13.78', '38.13', '16.61', '22.74', '8.73', '7.14', '9.78', '33.25', '15.73', '18.36', '15.75', '26.29', '14.15', '28.87', '22.27', '8.41', '39.30', '60.70', '20.85', '43.56', '35.59'),
('Uganda', '31.90', '29.76', '17.61', '10.64', '5.31', '4.78', '49.48', '50.52', '3.05', '7.95', '58.58', '2.44', '4.55', '8.16', '15.27', '28.50', '46.15', '14.03', '8.08', '3.23', '19.41', '41.37', '24.93', '10.12', '4.17', '20.09', '38.14', '28.56', '8.57', '4.64', '23.44', '47.45', '21.06', '5.80', '2.26', '26.83', '44.51', '17.01', '7.58', '4.08', '20.41', '44.72', '25.14', '5.92', '3.81', '13.87', '23.18', '15.20', '34.59', '13.16', '8.73', '10.80', '18.83', '18.72', '30.53', '12.38', '24.26', '11.66', '42.26', '14.10', '7.72', '27.55', '72.45', '11.57', '69.12', '19.31'),
('Global', '12.80', '17.86', '16.89', '18.13', '16.10', '18.22', '48.71', '51.29', '14.51', '16.07', '21.64', '7.80', '10.20', '11.39', '18.39', '28.23', '35.35', '14.74', '12.59', '9.10', '22.91', '32.08', '22.38', '13.18', '9.45', '22.76', '30.15', '23.77', '12.35', '10.97', '24.31', '39.40', '22.73', '8.22', '5.34', '25.90', '37.09', '18.49', '10.72', '7.81', '19.92', '37.19', '25.19', '10.77', '6.92', '16.96', '26.75', '18.21', '24.41', '13.66', '5.78', '18.56', '17.87', '16.93', '17.14', '23.71', '34.80', '9.77', '21.81', '20.27', '13.35', '42.97', '57.03', '19.43', '49.82', '30.75');

-- --------------------------------------------------------

--
-- Table structure for table `results`
--

CREATE TABLE IF NOT EXISTS `results` (
  `tblId` int(11) NOT NULL AUTO_INCREMENT,
  `countryname` varchar(19) DEFAULT NULL,
  `chart2a` decimal(10,2) DEFAULT NULL,
  `chart2b` decimal(10,2) DEFAULT NULL,
  `chart1a` decimal(10,2) DEFAULT NULL,
  `chart1b` decimal(10,2) DEFAULT NULL,
  `chart1c` decimal(10,2) DEFAULT NULL,
  `chart1d` decimal(10,2) DEFAULT NULL,
  `chart1e` decimal(10,2) DEFAULT NULL,
  `chart1f` decimal(10,2) DEFAULT NULL,
  `chart3a` decimal(10,2) DEFAULT NULL,
  `chart3b` decimal(10,2) DEFAULT NULL,
  `chart3c` decimal(10,2) DEFAULT NULL,
  `chart3d` decimal(10,2) DEFAULT NULL,
  `chart4a` decimal(10,2) DEFAULT NULL,
  `chart4b` decimal(10,2) DEFAULT NULL,
  `chart4c` decimal(10,2) DEFAULT NULL,
  `chart5a` decimal(10,2) DEFAULT NULL,
  `chart5b` decimal(10,2) DEFAULT NULL,
  `chart5c` decimal(10,2) DEFAULT NULL,
  `chart6a` decimal(10,2) DEFAULT NULL,
  `chart6b` decimal(10,2) DEFAULT NULL,
  `chart6c` decimal(10,2) DEFAULT NULL,
  `chart7a` decimal(10,2) DEFAULT NULL,
  `chart7b` decimal(10,2) DEFAULT NULL,
  `chart7c` decimal(10,2) DEFAULT NULL,
  `chart8a` decimal(10,2) DEFAULT NULL,
  `chart8b` decimal(10,2) DEFAULT NULL,
  `chart8c` decimal(10,2) DEFAULT NULL,
  `chart9a` decimal(10,2) DEFAULT NULL,
  `chart9b` decimal(10,2) DEFAULT NULL,
  `chart9c` decimal(10,2) DEFAULT NULL,
  `chart10a` decimal(10,2) NOT NULL,
  `chart10b` decimal(10,2) NOT NULL,
  `chart10c` decimal(10,2) NOT NULL,
  PRIMARY KEY (`tblId`)
) ENGINE=InnoDB  DEFAULT CHARSET=utf8 AUTO_INCREMENT=63 ;

--
-- Dumping data for table `results`
--

INSERT INTO `results` (`tblId`, `countryname`, `chart2a`, `chart2b`, `chart1a`, `chart1b`, `chart1c`, `chart1d`, `chart1e`, `chart1f`, `chart3a`, `chart3b`, `chart3c`, `chart3d`, `chart4a`, `chart4b`, `chart4c`, `chart5a`, `chart5b`, `chart5c`, `chart6a`, `chart6b`, `chart6c`, `chart7a`, `chart7b`, `chart7c`, `chart8a`, `chart8b`, `chart8c`, `chart9a`, `chart9b`, `chart9c`, `chart10a`, `chart10b`, `chart10c`) VALUES
(1, 'Armenia', '45.43', '54.57', '17.17', '23.51', '17.60', '17.52', '11.73', '12.47', '38.41', '16.61', '22.16', '22.82', '53.39', '19.90', '26.71', '55.50', '19.89', '24.61', '56.89', '17.95', '25.16', '44.28', '24.85', '30.88', '63.94', '13.37', '22.70', '69.37', '14.36', '16.27', '59.91', '20.08', '20.01'),
(2, 'Argentina', '48.49', '51.51', '15.74', '21.93', '18.50', '14.86', '12.92', '16.06', '30.76', '18.23', '24.36', '26.65', '65.63', '15.76', '18.61', '49.97', '25.14', '26.88', '61.59', '15.59', '22.82', '60.23', '18.74', '21.03', '58.60', '22.50', '18.90', '60.27', '19.30', '20.43', '62.16', '15.36', '22.48'),
(3, 'Australia', '49.80', '50.20', '12.34', '18.12', '18.30', '17.27', '15.14', '18.82', '21.39', '16.69', '28.68', '33.24', '48.72', '18.94', '32.34', '42.46', '26.37', '31.17', '46.05', '26.58', '27.37', '50.37', '24.97', '24.66', '50.02', '24.38', '25.60', '55.18', '24.66', '20.16', '49.50', '25.25', '25.25'),
(4, 'Azerbaijan', '47.95', '52.05', '18.89', '23.62', '18.75', '19.24', '10.89', '8.61', '21.38', '14.34', '22.01', '42.27', '53.33', '14.21', '32.46', '53.06', '17.78', '29.16', '63.44', '14.25', '22.31', '51.54', '19.57', '28.89', '66.33', '9.59', '24.07', '49.68', '20.55', '29.77', '49.43', '14.69', '35.87'),
(5, 'Bulgaria', '47.12', '52.88', '9.54', '17.12', '17.96', '15.74', '16.92', '22.72', '36.52', '18.80', '23.40', '21.29', '70.00', '13.44', '16.56', '64.36', '19.10', '16.54', '67.22', '19.92', '12.87', '69.05', '18.58', '12.36', '75.60', '11.34', '13.06', '72.02', '16.26', '11.72', '66.78', '18.33', '14.88'),
(6, 'Brazil', '48.72', '51.28', '16.41', '24.28', '20.37', '16.96', '11.63', '10.36', '24.08', '20.03', '26.47', '29.41', '66.26', '14.02', '19.73', '64.50', '20.43', '15.07', '70.44', '15.69', '13.87', '70.63', '16.42', '12.95', '73.41', '13.40', '13.19', '82.77', '6.95', '10.29', '75.66', '11.73', '12.61'),
(7, 'Canada', '49.22', '50.78', '11.56', '16.49', '16.01', '18.68', '16.49', '20.78', '19.02', '16.36', '27.54', '37.08', '53.72', '15.63', '30.65', '43.83', '23.52', '32.65', '56.36', '19.32', '24.33', '54.77', '18.42', '26.82', '53.20', '22.48', '24.31', '64.15', '13.80', '22.05', '57.02', '17.42', '25.56'),
(8, 'Chile', '48.51', '51.49', '15.94', '20.31', '18.77', '19.08', '12.87', '13.03', '20.12', '19.97', '32.66', '27.25', '68.49', '15.62', '15.90', '44.78', '30.85', '24.37', '63.60', '18.87', '17.53', '65.15', '16.24', '18.61', '59.57', '23.04', '17.40', '55.87', '23.55', '20.58', '61.87', '19.50', '18.63'),
(9, 'Colombia', '48.61', '51.39', '18.56', '22.54', '19.86', '17.93', '11.66', '9.45', '26.11', '21.68', '33.83', '18.39', '74.40', '12.57', '13.03', '68.24', '15.48', '16.28', '75.77', '12.37', '11.87', '77.05', '11.57', '11.38', '72.00', '18.34', '9.66', '74.31', '12.20', '13.50', '75.52', '13.85', '10.63'),
(10, 'CostaRica', '49.83', '50.17', '17.87', '24.25', '19.70', '17.36', '11.26', '9.56', '17.07', '18.78', '31.16', '32.99', '64.34', '14.88', '20.78', '59.11', '17.19', '23.71', '60.62', '17.93', '21.44', '65.38', '18.09', '16.52', '53.74', '25.21', '21.04', '56.07', '25.43', '18.49', '63.27', '20.43', '16.31'),
(11, 'CzechRepublic', '48.26', '51.74', '9.96', '16.82', '19.69', '15.53', '16.99', '21.01', '27.78', '32.21', '21.38', '18.63', '49.06', '22.01', '28.94', '47.60', '30.92', '21.48', '52.55', '25.03', '22.42', '59.15', '23.10', '17.75', '58.33', '19.88', '21.79', '55.66', '24.83', '19.51', '53.01', '24.74', '22.25'),
(12, 'Denmark', '48.78', '51.22', '11.49', '14.29', '17.23', '18.34', '15.81', '22.84', '21.20', '21.01', '27.54', '30.25', '43.55', '33.59', '22.86', '31.21', '37.47', '31.31', '49.60', '30.08', '20.32', '46.90', '30.34', '22.76', '48.01', '27.37', '24.62', '42.13', '35.15', '22.72', '39.01', '37.68', '23.30'),
(13, 'DominicanRepublic', '50.53', '49.47', '19.39', '23.65', '19.39', '16.44', '10.68', '10.45', '15.82', '18.53', '31.33', '34.32', '69.84', '12.00', '18.17', '65.38', '14.81', '19.81', '69.46', '12.92', '17.63', '72.45', '11.06', '16.49', '66.28', '19.17', '14.55', '68.01', '17.73', '14.26', '70.35', '11.96', '17.69'),
(14, 'Estonia', '44.19', '55.81', '11.01', '17.98', '16.51', '16.13', '16.03', '22.34', '22.11', '17.10', '25.70', '35.08', '47.31', '19.74', '32.95', '43.77', '29.13', '27.10', '54.35', '24.26', '21.39', '57.21', '21.39', '21.40', '54.65', '27.13', '18.22', '62.02', '18.90', '19.08', '51.15', '27.21', '21.63'),
(15, 'Spain', '48.89', '51.11', '8.52', '16.74', '21.44', '18.23', '13.76', '21.31', '35.64', '20.55', '20.35', '23.45', '71.24', '12.78', '15.97', '54.72', '21.77', '23.51', '65.77', '17.20', '17.03', '66.67', '14.42', '18.91', '60.63', '22.70', '16.66', '65.18', '16.44', '18.72', '64.84', '16.44', '18.72'),
(16, 'Finland', '48.48', '51.52', '10.90', '15.28', '14.88', '17.27', '17.90', '23.76', '13.94', '14.04', '32.85', '39.17', '42.47', '23.43', '34.10', '38.64', '28.17', '33.19', '45.69', '21.73', '32.58', '45.11', '22.31', '32.58', '39.93', '27.96', '32.11', '48.28', '23.70', '28.02', '43.23', '24.49', '32.28'),
(17, 'UnitedKingdom', '49.28', '50.72', '11.77', '16.97', '16.56', '18.39', '14.49', '21.82', '27.90', '17.49', '24.47', '30.13', '48.03', '21.61', '30.36', '38.38', '31.05', '30.58', '47.03', '27.08', '25.89', '50.00', '24.29', '25.71', '45.16', '28.87', '25.98', '55.96', '20.92', '23.13', '45.35', '27.31', '27.34'),
(18, 'Georgia', '46.47', '53.53', '12.81', '18.14', '15.86', '18.02', '15.21', '19.96', '32.65', '17.92', '30.57', '18.85', '72.79', '14.18', '13.03', '58.48', '22.14', '19.37', '71.94', '11.33', '16.73', '70.61', '12.89', '16.50', '73.10', '18.59', '8.31', '69.92', '15.67', '14.41', '69.36', '13.12', '17.52'),
(19, 'Ghana', '48.66', '51.34', '23.03', '27.37', '19.88', '13.81', '8.55', '7.36', '14.93', '10.10', '23.27', '51.71', '67.11', '9.28', '23.61', '71.31', '10.10', '18.59', '72.75', '11.72', '15.53', '73.80', '10.78', '15.42', '70.99', '14.10', '14.92', '75.10', '9.53', '15.37', '70.11', '13.90', '15.99'),
(20, 'Greece', '48.36', '51.64', '8.44', '16.03', '18.79', '17.55', '15.05', '24.15', '32.29', '20.03', '20.64', '27.04', '52.03', '20.61', '27.36', '53.96', '24.57', '21.47', '53.39', '22.79', '23.83', '54.80', '21.85', '23.35', '58.20', '21.28', '20.52', '66.90', '16.13', '16.97', '56.16', '22.80', '21.04'),
(21, 'Guatemala', '48.12', '51.88', '26.88', '27.26', '17.29', '12.13', '9.11', '7.32', '20.25', '24.61', '28.28', '26.86', '69.86', '10.45', '19.69', '65.13', '11.88', '22.99', '67.42', '13.51', '19.07', '72.02', '11.88', '16.10', '68.24', '14.84', '16.92', '60.05', '20.55', '19.40', '70.54', '13.13', '16.33'),
(22, 'Honduras', '49.77', '50.23', '24.97', '28.17', '19.00', '13.14', '7.93', '6.79', '25.52', '22.35', '21.20', '30.93', '69.18', '12.52', '18.30', '67.67', '13.07', '19.26', '66.74', '12.42', '20.84', '70.30', '14.22', '15.48', '60.77', '22.49', '16.75', '68.39', '15.31', '16.29', '72.02', '11.68', '16.30'),
(23, 'Croatia', '47.50', '52.50', '10.40', '16.90', '16.40', '17.30', '17.70', '21.30', '38.70', '19.30', '22.40', '19.50', '61.00', '14.30', '24.80', '44.20', '30.10', '25.70', '51.00', '26.40', '22.70', '60.40', '15.00', '24.60', '56.90', '19.80', '23.30', '66.50', '14.40', '19.10', '52.00', '24.40', '23.60'),
(24, 'Hungary', '46.77', '53.23', '10.57', '16.31', '19.47', '15.05', '17.29', '21.31', '31.86', '17.37', '28.15', '22.62', '50.85', '23.14', '26.00', '40.10', '36.80', '23.10', '53.19', '26.36', '20.45', '51.90', '24.37', '23.73', '56.80', '23.76', '19.44', '56.80', '21.46', '21.74', '48.09', '28.79', '23.12'),
(25, 'Indonesia', '49.60', '50.40', '17.23', '23.56', '22.31', '16.29', '11.16', '9.45', '14.91', '25.71', '26.18', '33.20', '78.69', '8.85', '12.46', '82.28', '8.42', '9.30', '77.63', '11.04', '11.33', '80.32', '9.70', '9.98', '68.91', '18.77', '12.32', '62.41', '24.21', '13.39', '81.65', '7.19', '11.16'),
(26, 'Ireland', '49.57', '50.43', '11.16', '21.23', '20.97', '17.02', '13.46', '16.16', '15.43', '19.90', '30.14', '34.53', '50.64', '16.54', '32.82', '46.68', '24.99', '28.32', '55.44', '21.17', '23.40', '58.61', '17.70', '23.69', '56.40', '20.12', '23.39', '63.46', '12.30', '24.23', '58.33', '14.10', '27.57'),
(27, 'Israel', '49.68', '50.32', '15.92', '21.28', '19.30', '15.08', '12.97', '15.45', '17.06', '25.42', '26.79', '30.73', '52.65', '23.23', '24.11', '33.76', '44.94', '21.31', '52.48', '26.13', '21.39', '53.41', '26.00', '20.59', '56.23', '25.03', '18.74', '52.40', '26.27', '21.33', '51.95', '24.40', '23.65'),
(28, 'India', '48.71', '51.29', '12.80', '17.86', '16.89', '18.13', '16.10', '18.22', '22.12', '12.13', '24.21', '41.53', '64.19', '16.47', '19.34', '66.82', '18.98', '14.20', '65.12', '17.64', '17.23', '63.86', '19.33', '16.81', '69.27', '17.25', '13.48', '63.44', '17.13', '19.43', '68.82', '15.58', '15.60'),
(29, 'Italy', '47.69', '52.31', '8.52', '14.23', '18.94', '18.61', '14.80', '24.89', '30.07', '30.79', '20.27', '18.87', '67.24', '14.14', '18.62', '55.98', '24.68', '19.34', '60.71', '17.93', '21.36', '61.60', '16.54', '21.86', '65.76', '16.21', '18.02', '70.69', '12.19', '17.12', '65.45', '14.65', '19.90'),
(30, 'Jordan', '50.29', '49.71', '23.11', '26.63', '20.85', '13.67', '7.19', '8.54', '11.20', '15.44', '40.17', '33.19', '43.24', '25.51', '31.24', '48.64', '19.51', '31.84', '52.59', '18.75', '28.66', '54.65', '20.05', '25.30', '56.33', '17.03', '26.64', '56.84', '20.08', '23.08', '56.80', '18.03', '25.17'),
(31, 'Kenya', '49.65', '50.35', '25.01', '32.02', '19.12', '11.54', '7.00', '5.30', '10.98', '14.08', '29.75', '45.19', '73.83', '10.93', '15.24', '76.13', '11.79', '12.09', '74.53', '14.61', '10.87', '80.77', '10.60', '8.63', '76.85', '12.70', '10.44', '82.85', '7.21', '9.94', '75.46', '13.73', '10.81'),
(32, 'SouthKorea', '49.51', '50.49', '11.69', '18.26', '19.96', '20.58', '14.44', '15.07', '17.99', '29.35', '33.05', '19.61', '65.21', '17.34', '17.45', '50.84', '32.59', '16.56', '66.44', '18.60', '14.87', '68.95', '15.84', '15.22', '70.57', '15.21', '14.22', '73.53', '12.32', '14.16', '65.78', '16.73', '17.48'),
(33, 'Liberia', '49.52', '50.48', '22.42', '30.68', '19.22', '12.93', '8.64', '6.10', '13.56', '10.32', '29.74', '46.37', '66.46', '11.52', '22.02', '73.62', '8.02', '18.37', '77.74', '9.63', '12.63', '76.83', '6.60', '16.57', '78.33', '13.49', '8.18', '76.00', '5.80', '18.20', '69.86', '11.09', '19.04'),
(34, 'Lithuania', '46.21', '53.79', '11.78', '18.24', '17.42', '18.16', '14.25', '20.15', '28.53', '27.21', '19.73', '24.53', '53.43', '22.48', '24.09', '43.90', '29.29', '26.81', '56.59', '22.47', '20.93', '58.99', '17.64', '23.36', '58.14', '19.21', '22.65', '57.06', '20.07', '22.87', '55.63', '20.17', '24.20'),
(35, 'Latvia', '45.39', '54.61', '11.19', '18.61', '17.07', '17.67', '15.04', '20.42', '30.19', '17.86', '32.37', '19.58', '56.41', '18.03', '25.56', '42.18', '31.71', '26.12', '54.27', '25.52', '20.21', '54.81', '22.33', '22.87', '52.01', '26.46', '21.53', '25.85', '53.44', '20.71', '56.70', '21.12', '22.18'),
(36, 'Moldova', '47.73', '52.27', '14.25', '21.37', '17.05', '17.35', '16.37', '13.61', '31.95', '29.01', '17.78', '21.26', '65.23', '16.75', '18.02', '55.04', '21.76', '23.20', '64.30', '21.14', '14.56', '57.62', '26.59', '15.78', '67.19', '17.36', '15.45', '67.82', '18.24', '13.94', '64.78', '21.12', '14.10'),
(37, 'Montenegro', '50.21', '49.79', '10.34', '20.82', '19.30', '17.38', '15.35', '16.81', '33.33', '20.13', '23.54', '22.99', '60.62', '19.05', '20.33', '58.71', '16.70', '24.59', '52.11', '16.91', '30.98', '61.44', '11.90', '26.67', '58.12', '15.86', '26.02', '65.22', '11.04', '23.74', '56.15', '16.38', '27.47'),
(38, 'Macedonia', '49.28', '50.72', '12.97', '19.96', '18.72', '17.53', '15.31', '15.51', '33.82', '11.08', '17.95', '37.16', '52.56', '22.12', '25.32', '51.92', '19.35', '28.74', '47.55', '22.46', '29.99', '47.33', '26.39', '26.28', '54.42', '21.15', '24.43', '56.19', '23.13', '20.68', '51.03', '22.13', '26.83'),
(39, 'Mongolia', '49.50', '50.50', '20.10', '27.59', '21.79', '16.40', '8.19', '5.94', '22.17', '34.63', '30.44', '12.75', '85.24', '6.69', '8.07', '83.74', '4.88', '11.39', '86.16', '6.69', '7.15', '71.48', '16.33', '12.19', '83.72', '9.34', '6.94', '84.83', '6.96', '8.21', '85.12', '6.99', '7.89'),
(40, 'Malta', '49.42', '50.58', '11.43', '17.38', '16.23', '16.36', '17.37', '21.22', '12.37', '13.47', '31.24', '42.92', '52.63', '13.87', '33.50', '42.84', '18.23', '38.93', '56.04', '15.24', '28.72', '52.48', '16.82', '30.69', '53.31', '20.16', '26.53', '55.24', '11.98', '32.78', '56.74', '12.41', '30.86'),
(41, 'Malawi', '49.56', '50.44', '28.21', '30.28', '17.70', '10.90', '7.33', '5.58', '10.82', '13.79', '29.28', '46.11', '69.75', '10.19', '20.06', '74.10', '7.06', '18.84', '76.73', '9.35', '13.92', '70.00', '14.66', '15.34', '79.34', '10.49', '10.17', '79.22', '5.21', '15.57', '76.04', '8.63', '15.33'),
(42, 'Mexico', '47.76', '52.24', '18.66', '23.57', '21.10', '16.07', '10.32', '10.28', '33.79', '21.21', '29.63', '15.37', '79.81', '8.27', '11.92', '65.87', '18.90', '15.24', '74.44', '15.71', '9.86', '74.22', '16.64', '9.14', '72.62', '18.66', '8.73', '73.46', '16.35', '10.19', '73.46', '16.16', '10.38'),
(43, 'Netherlands', '49.04', '50.96', '10.90', '15.32', '17.03', '18.96', '16.25', '21.54', '20.63', '16.50', '25.08', '37.78', '45.90', '23.57', '30.53', '35.01', '36.60', '28.39', '49.03', '26.39', '24.58', '50.11', '25.31', '24.58', '42.57', '31.93', '25.51', '48.22', '25.49', '26.29', '42.88', '28.90', '28.23'),
(44, 'Norway', '49.17', '50.83', '11.97', '15.19', '17.59', '17.94', '15.90', '21.41', '18.30', '17.44', '21.49', '42.77', '41.02', '29.96', '29.02', '33.07', '37.64', '29.29', '47.65', '25.97', '26.37', '51.51', '25.48', '23.01', '43.88', '33.37', '22.75', '56.41', '20.64', '22.96', '47.58', '29.95', '22.47'),
(45, 'NewZealand', '49.29', '50.71', '13.15', '16.92', '18.09', '18.56', '14.86', '18.42', '14.42', '18.66', '34.25', '32.67', '52.72', '14.04', '33.23', '38.80', '28.63', '32.57', '55.13', '23.33', '21.54', '56.99', '20.91', '22.09', '53.30', '23.14', '23.56', '65.40', '14.78', '19.82', '59.24', '18.95', '21.81'),
(46, 'Panama', '50.04', '49.96', '17.79', '22.95', '20.66', '16.37', '10.89', '11.34', '17.72', '18.54', '29.11', '34.63', '60.25', '16.32', '23.43', '55.94', '21.69', '22.37', '62.61', '16.16', '21.23', '65.10', '11.71', '23.19', '60.02', '21.11', '18.88', '58.31', '22.09', '19.60', '62.51', '16.14', '21.34'),
(47, 'Peru', '48.53', '51.47', '20.33', '23.53', '19.81', '15.56', '10.71', '10.06', '19.71', '20.64', '37.71', '21.94', '73.50', '15.57', '10.93', '65.62', '18.68', '15.70', '73.07', '15.92', '11.00', '75.15', '13.05', '11.80', '77.31', '12.88', '9.82', '66.02', '23.91', '10.06', '72.46', '17.07', '10.47'),
(48, 'Philippines', '49.46', '50.54', '21.67', '27.00', '20.07', '14.37', '9.49', '7.40', '17.28', '22.39', '29.67', '30.67', '72.77', '14.45', '12.78', '73.79', '13.44', '12.77', '71.55', '14.95', '13.50', '74.15', '13.84', '12.01', '81.28', '10.42', '8.31', '74.69', '13.85', '11.46', '73.48', '13.00', '13.51'),
(49, 'Paraguay', '49.86', '50.14', '21.50', '24.13', '19.16', '15.17', '10.40', '9.64', '15.80', '16.95', '31.24', '36.00', '67.15', '13.42', '19.43', '63.07', '15.46', '21.48', '64.49', '13.75', '21.77', '66.51', '13.68', '19.81', '63.35', '17.37', '19.28', '65.51', '16.08', '18.41', '67.52', '14.53', '17.94'),
(50, 'Romania', '48.10', '51.90', '10.56', '19.14', '20.77', '15.40', '15.79', '18.34', '33.81', '25.20', '24.35', '16.64', '67.90', '13.10', '19.00', '58.23', '23.79', '17.98', '62.37', '20.04', '17.59', '67.87', '17.03', '15.10', '69.14', '16.84', '14.02', '72.00', '16.26', '11.74', '66.54', '17.15', '16.31'),
(51, 'Serbia', '48.12', '51.88', '10.38', '16.89', '17.13', '16.93', '18.03', '20.64', '33.13', '21.56', '24.54', '20.78', '56.63', '19.01', '24.36', '47.05', '25.67', '27.28', '48.73', '23.72', '27.55', '44.78', '26.90', '28.31', '52.43', '22.25', '25.32', '53.90', '20.93', '25.16', '50.93', '20.95', '28.12'),
(52, 'Sweden', '49.13', '50.87', '11.90', '15.28', '15.65', '16.73', '15.18', '25.26', '19.35', '15.84', '30.89', '33.93', '41.40', '24.96', '33.64', '34.65', '40.18', '25.17', '46.63', '25.92', '27.45', '52.40', '28.55', '19.05', '43.01', '34.23', '22.76', '55.05', '21.80', '23.15', '44.12', '31.79', '24.09'),
(53, 'SlovakRepublic', '47.84', '52.16', '11.56', '19.81', '19.18', '16.56', '16.36', '16.54', '38.17', '19.78', '19.34', '22.71', '58.46', '18.96', '22.57', '42.57', '34.59', '22.84', '55.62', '26.87', '17.51', '56.85', '24.25', '18.89', '59.47', '21.92', '18.61', '66.88', '16.82', '16.30', '59.88', '22.28', '17.84'),
(54, 'ElSalvador', '46.51', '53.49', '21.97', '24.04', '19.02', '14.42', '10.09', '10.45', '23.49', '16.46', '34.92', '25.13', '69.25', '14.46', '16.29', '65.43', '15.39', '19.17', '66.09', '15.24', '18.67', '71.74', '11.89', '16.37', '67.48', '17.47', '15.06', '60.21', '22.95', '16.83', '70.27', '14.16', '15.57'),
(55, 'Turkey', '50.03', '49.97', '17.14', '24.57', '20.73', '16.62', '11.42', '9.51', '31.64', '18.75', '22.25', '27.36', '58.95', '19.69', '21.36', '61.52', '17.20', '21.28', '60.74', '19.47', '19.79', '58.54', '21.49', '19.98', '63.74', '18.39', '17.87', '63.63', '20.08', '16.28', '61.48', '18.88', '19.64'),
(56, 'TrinidadandTobago', '50.50', '49.50', '12.97', '24.36', '17.34', '19.57', '13.93', '11.82', '15.91', '19.49', '32.13', '32.47', '52.47', '13.55', '33.98', '50.50', '15.47', '34.03', '60.75', '12.81', '26.44', '62.01', '11.28', '26.71', '65.13', '13.23', '21.65', '70.09', '8.10', '21.81', '63.11', '11.55', '25.33'),
(57, 'Tanzania', '49.14', '50.86', '26.52', '29.53', '19.72', '11.05', '7.16', '6.02', '7.48', '12.04', '29.25', '51.23', '76.67', '8.78', '14.55', '74.65', '15.74', '9.62', '76.43', '12.05', '11.52', '74.79', '11.69', '13.53', '75.00', '14.82', '10.18', '78.30', '10.73', '10.97', '74.59', '14.73', '10.69'),
(58, 'Ukraine', '44.83', '55.17', '10.99', '19.51', '17.09', '17.50', '16.19', '18.72', '30.18', '18.72', '15.33', '35.77', '55.30', '17.27', '27.43', '52.32', '23.03', '24.65', '55.78', '22.08', '22.15', '56.06', '22.78', '21.16', '58.32', '21.00', '20.67', '58.63', '19.25', '22.12', '53.01', '25.01', '21.99'),
(59, 'UnitedStates', '48.71', '51.29', '12.80', '17.86', '16.89', '18.13', '16.10', '18.22', '30.38', '19.39', '22.99', '27.24', '55.79', '16.55', '27.66', '42.08', '22.70', '35.22', '51.52', '20.97', '27.51', '52.96', '18.88', '28.16', '49.08', '25.38', '25.54', '63.24', '14.56', '22.20', '58.20', '17.72', '24.09'),
(60, 'Uruguay', '47.37', '52.63', '14.97', '18.92', '17.79', '16.02', '13.49', '18.81', '13.76', '13.52', '31.55', '41.17', '54.28', '21.75', '23.97', '42.26', '31.68', '26.05', '49.91', '25.31', '24.78', '50.73', '22.93', '26.34', '51.85', '26.11', '22.03', '47.54', '30.63', '21.83', '46.61', '23.06', '30.33'),
(61, 'SouthAfrica', '49.44', '50.56', '22.40', '27.65', '16.57', '13.65', '10.53', '9.21', '14.67', '15.01', '28.58', '41.74', '67.33', '10.43', '22.23', '65.34', '16.04', '18.62', '69.31', '15.16', '15.53', '72.08', '10.91', '17.01', '68.78', '15.42', '15.80', '76.87', '10.16', '12.97', '71.02', '12.03', '16.95'),
(62, 'Albania', '48.42', '51.58', '18.66', '20.84', '15.60', '16.89', '13.46', '14.56', '35.84', '26.74', '16.80', '20.61', '71.29', '13.94', '14.77', '74.90', '7.94', '17.15', '66.44', '15.77', '17.80', '66.93', '13.66', '19.41', '68.66', '12.11', '19.23', '64.03', '17.51', '18.46', '70.22', '12.92', '16.86');

/*!40101 SET CHARACTER_SET_CLIENT=@OLD_CHARACTER_SET_CLIENT */;
/*!40101 SET CHARACTER_SET_RESULTS=@OLD_CHARACTER_SET_RESULTS */;
/*!40101 SET COLLATION_CONNECTION=@OLD_COLLATION_CONNECTION */;
