-- phpMyAdmin SQL Dump
-- version 3.4.10.1deb1
-- http://www.phpmyadmin.net
--
-- Host: localhost
-- Generation Time: Apr 30, 2014 at 06:47 PM
-- Server version: 5.5.31
-- PHP Version: 5.3.10-1ubuntu3.9

SET SQL_MODE="NO_AUTO_VALUE_ON_ZERO";
SET time_zone = "+00:00";


/*!40101 SET @OLD_CHARACTER_SET_CLIENT=@@CHARACTER_SET_CLIENT */;
/*!40101 SET @OLD_CHARACTER_SET_RESULTS=@@CHARACTER_SET_RESULTS */;
/*!40101 SET @OLD_COLLATION_CONNECTION=@@COLLATION_CONNECTION */;
/*!40101 SET NAMES utf8 */;

--
-- Database: `twstream`
--

-- --------------------------------------------------------

--
-- Table structure for table `json_cache`
--

CREATE TABLE IF NOT EXISTS `json_cache` (
  `tweet_id` bigint(20) unsigned NOT NULL,
  `cache_id` int(10) unsigned NOT NULL AUTO_INCREMENT,
  `cache_date` timestamp NOT NULL DEFAULT CURRENT_TIMESTAMP,
  `raw_tweet` text CHARACTER SET utf8 COLLATE utf8_unicode_ci NOT NULL,
  `parsed` tinyint(1) NOT NULL DEFAULT '0',
  PRIMARY KEY (`cache_id`),
  KEY `tweet_id` (`tweet_id`),
  KEY `cache_date` (`cache_date`)
) ENGINE=MyISAM  DEFAULT CHARSET=utf8 AUTO_INCREMENT=8 ;

--
-- Dumping data for table `json_cache`
--

INSERT INTO `json_cache` (`tweet_id`, `cache_id`, `cache_date`, `raw_tweet`, `parsed`) VALUES
(461538143381258241, 1, '2014-04-30 16:10:43', 'Tzo4OiJzdGRDbGFzcyI6MjQ6e3M6MTA6ImNyZWF0ZWRfYXQiO3M6MzA6IldlZCBBcHIgMzAgMTY6MTA6NDMgKzAwMDAgMjAxNCI7czoyOiJpZCI7ZDo0LjYxNTM4MTQzMzgxMjU4MjRFKzE3O3M6NjoiaWRfc3RyIjtzOjE4OiI0NjE1MzgxNDMzODEyNTgyNDEiO3M6NDoidGV4dCI7czo1MzoiY29vbCBhbmltYXRpb24gb24gI29wZW5nb3Zub3cgaHR0cHM6Ly90LmNvL1JySW1DVnlqT2siO3M6Njoic291cmNlIjtzOjM6IndlYiI7czo5OiJ0cnVuY2F0ZWQiO2I6MDtzOjIxOiJpbl9yZXBseV90b19zdGF0dXNfaWQiO047czoyNToiaW5fcmVwbHlfdG9fc3RhdHVzX2lkX3N0ciI7TjtzOjE5OiJpbl9yZXBseV90b191c2VyX2lkIjtOO3M6MjM6ImluX3JlcGx5X3RvX3VzZXJfaWRfc3RyIjtOO3M6MjM6ImluX3JlcGx5X3RvX3NjcmVlbl9uYW1lIjtOO3M6NDoidXNlciI7Tzo4OiJzdGRDbGFzcyI6Mzg6e3M6MjoiaWQiO2k6MTk2MDQ1MzE7czo2OiJpZF9zdHIiO3M6ODoiMTk2MDQ1MzEiO3M6NDoibmFtZSI7czoxMzoiTWlyZWlsbGUgUmFhZCI7czoxMToic2NyZWVuX25hbWUiO3M6OToibWlnaGVpbGxlIjtzOjg6ImxvY2F0aW9uIjtzOjk6IkRDL0JlaXJ1dCI7czozOiJ1cmwiO3M6MTg6Imh0dHA6Ly9taXJlaWxsZS5pdCI7czoxMToiZGVzY3JpcHRpb24iO3M6MTU1OiJGcmVlbGFuY2UgcHJvZ3JhbW1lciBpbnRvIGRhdGEgbWluaW5nLCBkM2pzLCBncmlkIGNvbXB1dGluZy9zdG9yYWdlLCBvcGVuIHNvdXJjZSxoYWNrdGl2aXNtLCBwaG90b2dyYXBoeS4gS25vb3pyb29tIHwgV29ybGQgQmFuayBJQ1Q0R292L09wZW5Hb3YgY29uc3VsdGFudCI7czo5OiJwcm90ZWN0ZWQiO2I6MDtzOjE1OiJmb2xsb3dlcnNfY291bnQiO2k6MjU1MztzOjEzOiJmcmllbmRzX2NvdW50IjtpOjIwNDI7czoxMjoibGlzdGVkX2NvdW50IjtpOjEyNztzOjEwOiJjcmVhdGVkX2F0IjtzOjMwOiJUdWUgSmFuIDI3IDE3OjUxOjIzICswMDAwIDIwMDkiO3M6MTY6ImZhdm91cml0ZXNfY291bnQiO2k6Mzg7czoxMDoidXRjX29mZnNldCI7aTotMTQ0MDA7czo5OiJ0aW1lX3pvbmUiO3M6ODoiU2FudGlhZ28iO3M6MTE6Imdlb19lbmFibGVkIjtiOjA7czo4OiJ2ZXJpZmllZCI7YjowO3M6MTQ6InN0YXR1c2VzX2NvdW50IjtpOjE2ODAwO3M6NDoibGFuZyI7czoyOiJlbiI7czoyMDoiY29udHJpYnV0b3JzX2VuYWJsZWQiO2I6MDtzOjEzOiJpc190cmFuc2xhdG9yIjtiOjA7czoyMjoiaXNfdHJhbnNsYXRpb25fZW5hYmxlZCI7YjowO3M6MjQ6InByb2ZpbGVfYmFja2dyb3VuZF9jb2xvciI7czo2OiIwMDAwMDAiO3M6Mjg6InByb2ZpbGVfYmFja2dyb3VuZF9pbWFnZV91cmwiO3M6NjM6Imh0dHA6Ly9wYnMudHdpbWcuY29tL3Byb2ZpbGVfYmFja2dyb3VuZF9pbWFnZXMvMTQyMDEwMTg1L2oxLmpwZyI7czozNDoicHJvZmlsZV9iYWNrZ3JvdW5kX2ltYWdlX3VybF9odHRwcyI7czo2NDoiaHR0cHM6Ly9wYnMudHdpbWcuY29tL3Byb2ZpbGVfYmFja2dyb3VuZF9pbWFnZXMvMTQyMDEwMTg1L2oxLmpwZyI7czoyMzoicHJvZmlsZV9iYWNrZ3JvdW5kX3RpbGUiO2I6MDtzOjE3OiJwcm9maWxlX2ltYWdlX3VybCI7czo3NToiaHR0cDovL3Bicy50d2ltZy5jb20vcHJvZmlsZV9pbWFnZXMvNDQyMTY0NzcxMTE1MTMwODgxL1Y5S2dTejlHX25vcm1hbC5qcGVnIjtzOjIzOiJwcm9maWxlX2ltYWdlX3VybF9odHRwcyI7czo3NjoiaHR0cHM6Ly9wYnMudHdpbWcuY29tL3Byb2ZpbGVfaW1hZ2VzLzQ0MjE2NDc3MTExNTEzMDg4MS9WOUtnU3o5R19ub3JtYWwuanBlZyI7czoxODoicHJvZmlsZV9saW5rX2NvbG9yIjtzOjY6IjJGQzJFRiI7czoyODoicHJvZmlsZV9zaWRlYmFyX2JvcmRlcl9jb2xvciI7czo2OiIxODFBMUUiO3M6MjY6InByb2ZpbGVfc2lkZWJhcl9maWxsX2NvbG9yIjtzOjY6IjI1MjQyOSI7czoxODoicHJvZmlsZV90ZXh0X2NvbG9yIjtzOjY6IjY2NjY2NiI7czoyODoicHJvZmlsZV91c2VfYmFja2dyb3VuZF9pbWFnZSI7YjowO3M6MTU6ImRlZmF1bHRfcHJvZmlsZSI7YjowO3M6MjE6ImRlZmF1bHRfcHJvZmlsZV9pbWFnZSI7YjowO3M6OToiZm9sbG93aW5nIjtOO3M6MTk6ImZvbGxvd19yZXF1ZXN0X3NlbnQiO047czoxMzoibm90aWZpY2F0aW9ucyI7Tjt9czozOiJnZW8iO047czoxMToiY29vcmRpbmF0ZXMiO047czo1OiJwbGFjZSI7TjtzOjEyOiJjb250cmlidXRvcnMiO047czoxMzoicmV0d2VldF9jb3VudCI7aTowO3M6MTQ6ImZhdm9yaXRlX2NvdW50IjtpOjA7czo4OiJlbnRpdGllcyI7Tzo4OiJzdGRDbGFzcyI6NDp7czo4OiJoYXNodGFncyI7YToxOntpOjA7Tzo4OiJzdGRDbGFzcyI6Mjp7czo0OiJ0ZXh0IjtzOjEwOiJvcGVuZ292bm93IjtzOjc6ImluZGljZXMiO2E6Mjp7aTowO2k6MTg7aToxO2k6Mjk7fX19czo3OiJzeW1ib2xzIjthOjA6e31zOjQ6InVybHMiO2E6MTp7aTowO086ODoic3RkQ2xhc3MiOjQ6e3M6MzoidXJsIjtzOjIzOiJodHRwczovL3QuY28vUnJJbUNWeWpPayI7czoxMjoiZXhwYW5kZWRfdXJsIjtzOjYwOiJodHRwczovL3d3dy55b3V0dWJlLmNvbS93YXRjaD92PXh0OWJCdFBlU0ZjJmZlYXR1cmU9eW91dHUuYmUiO3M6MTE6ImRpc3BsYXlfdXJsIjtzOjI5OiJ5b3V0dWJlLmNvbS93YXRjaD92PXh0OWJCdOKApiI7czo3OiJpbmRpY2VzIjthOjI6e2k6MDtpOjMwO2k6MTtpOjUzO319fXM6MTM6InVzZXJfbWVudGlvbnMiO2E6MDp7fX1zOjk6ImZhdm9yaXRlZCI7YjowO3M6OToicmV0d2VldGVkIjtiOjA7czoxODoicG9zc2libHlfc2Vuc2l0aXZlIjtiOjA7czoxMjoiZmlsdGVyX2xldmVsIjtzOjY6Im1lZGl1bSI7czo0OiJsYW5nIjtzOjI6InNsIjt9', 1),
(461539464398262273, 2, '2014-04-30 16:15:58', 'Tzo4OiJzdGRDbGFzcyI6MjQ6e3M6MTA6ImNyZWF0ZWRfYXQiO3M6MzA6IldlZCBBcHIgMzAgMTY6MTU6NTcgKzAwMDAgMjAxNCI7czoyOiJpZCI7ZDo0LjYxNTM5NDY0Mzk4MjYyMjdFKzE3O3M6NjoiaWRfc3RyIjtzOjE4OiI0NjE1Mzk0NjQzOTgyNjIyNzMiO3M6NDoidGV4dCI7czo5NjoiNSB0aGluZ3MgeW91IG5lZWQgdG8ga25vdyBhYm91dCBvcGVuIGdvdmVybm1lbnQgaHR0cDovL3QuY28vVXhlMElWenJycCAjT3Blbkdvdk5vdyAjdHJhbnNwYXJlbmN5IjtzOjY6InNvdXJjZSI7czo2MzoiPGEgaHJlZj0iaHR0cDovL3d3dy5ob290c3VpdGUuY29tIiByZWw9Im5vZm9sbG93Ij5Ib290U3VpdGU8L2E+IjtzOjk6InRydW5jYXRlZCI7YjowO3M6MjE6ImluX3JlcGx5X3RvX3N0YXR1c19pZCI7TjtzOjI1OiJpbl9yZXBseV90b19zdGF0dXNfaWRfc3RyIjtOO3M6MTk6ImluX3JlcGx5X3RvX3VzZXJfaWQiO047czoyMzoiaW5fcmVwbHlfdG9fdXNlcl9pZF9zdHIiO047czoyMzoiaW5fcmVwbHlfdG9fc2NyZWVuX25hbWUiO047czo0OiJ1c2VyIjtPOjg6InN0ZENsYXNzIjozODp7czoyOiJpZCI7aTozMjQ5MTk5MztzOjY6ImlkX3N0ciI7czo4OiIzMjQ5MTk5MyI7czo0OiJuYW1lIjtzOjk6IllvdXRoaW5rISI7czoxMToic2NyZWVuX25hbWUiO3M6MTA6IndieW91dGhpbmsiO3M6ODoibG9jYXRpb24iO3M6MTQ6Ildhc2hpbmd0b24sIERDIjtzOjM6InVybCI7czoyNjoiaHR0cDovL3dvcmxkYmFuay5vcmcveW91dGgiO3M6MTE6ImRlc2NyaXB0aW9uIjtzOjkzOiJZb3V0aGluayEgaXMgdGhlIFdvcmxkIEJhbmsncyBvbmxpbmUgc3BhY2UgZm9yIHlvdXRoIHRvIGxlYXJuIGFuZCBkaXNjdXNzIGRldmVsb3BtZW50IHRvcGljcy4iO3M6OToicHJvdGVjdGVkIjtiOjA7czoxNToiZm9sbG93ZXJzX2NvdW50IjtpOjY1ODA7czoxMzoiZnJpZW5kc19jb3VudCI7aTozMjI7czoxMjoibGlzdGVkX2NvdW50IjtpOjIwNDtzOjEwOiJjcmVhdGVkX2F0IjtzOjMwOiJGcmkgQXByIDE3IDE3OjM2OjE0ICswMDAwIDIwMDkiO3M6MTY6ImZhdm91cml0ZXNfY291bnQiO2k6NTk7czoxMDoidXRjX29mZnNldCI7aTotMTQ0MDA7czo5OiJ0aW1lX3pvbmUiO3M6MjY6IkVhc3Rlcm4gVGltZSAoVVMgJiBDYW5hZGEpIjtzOjExOiJnZW9fZW5hYmxlZCI7YjowO3M6ODoidmVyaWZpZWQiO2I6MDtzOjE0OiJzdGF0dXNlc19jb3VudCI7aToyNzA5O3M6NDoibGFuZyI7czoyOiJlbiI7czoyMDoiY29udHJpYnV0b3JzX2VuYWJsZWQiO2I6MDtzOjEzOiJpc190cmFuc2xhdG9yIjtiOjA7czoyMjoiaXNfdHJhbnNsYXRpb25fZW5hYmxlZCI7YjowO3M6MjQ6InByb2ZpbGVfYmFja2dyb3VuZF9jb2xvciI7czo2OiJGRkZGRkYiO3M6Mjg6InByb2ZpbGVfYmFja2dyb3VuZF9pbWFnZV91cmwiO3M6ODE6Imh0dHA6Ly9wYnMudHdpbWcuY29tL3Byb2ZpbGVfYmFja2dyb3VuZF9pbWFnZXMvNjYzNjYyNDIxL3U1ejZwMm1hZGNyNGIxY3I1emNnLnBuZyI7czozNDoicHJvZmlsZV9iYWNrZ3JvdW5kX2ltYWdlX3VybF9odHRwcyI7czo4MjoiaHR0cHM6Ly9wYnMudHdpbWcuY29tL3Byb2ZpbGVfYmFja2dyb3VuZF9pbWFnZXMvNjYzNjYyNDIxL3U1ejZwMm1hZGNyNGIxY3I1emNnLnBuZyI7czoyMzoicHJvZmlsZV9iYWNrZ3JvdW5kX3RpbGUiO2I6MDtzOjE3OiJwcm9maWxlX2ltYWdlX3VybCI7czo4MToiaHR0cDovL3Bicy50d2ltZy5jb20vcHJvZmlsZV9pbWFnZXMvMTEyOTIyNDI0OS9Zb3V0aGlua19GYWNlYm9va19TbWFsbF9ub3JtYWwuanBnIjtzOjIzOiJwcm9maWxlX2ltYWdlX3VybF9odHRwcyI7czo4MjoiaHR0cHM6Ly9wYnMudHdpbWcuY29tL3Byb2ZpbGVfaW1hZ2VzLzExMjkyMjQyNDkvWW91dGhpbmtfRmFjZWJvb2tfU21hbGxfbm9ybWFsLmpwZyI7czoxODoicHJvZmlsZV9saW5rX2NvbG9yIjtzOjY6IkQzMzgwNSI7czoyODoicHJvZmlsZV9zaWRlYmFyX2JvcmRlcl9jb2xvciI7czo2OiJGRkZGRkYiO3M6MjY6InByb2ZpbGVfc2lkZWJhcl9maWxsX2NvbG9yIjtzOjY6IkZDQUYxNiI7czoxODoicHJvZmlsZV90ZXh0X2NvbG9yIjtzOjY6IjBEMDEwRCI7czoyODoicHJvZmlsZV91c2VfYmFja2dyb3VuZF9pbWFnZSI7YjoxO3M6MTU6ImRlZmF1bHRfcHJvZmlsZSI7YjowO3M6MjE6ImRlZmF1bHRfcHJvZmlsZV9pbWFnZSI7YjowO3M6OToiZm9sbG93aW5nIjtOO3M6MTk6ImZvbGxvd19yZXF1ZXN0X3NlbnQiO047czoxMzoibm90aWZpY2F0aW9ucyI7Tjt9czozOiJnZW8iO047czoxMToiY29vcmRpbmF0ZXMiO047czo1OiJwbGFjZSI7TjtzOjEyOiJjb250cmlidXRvcnMiO047czoxMzoicmV0d2VldF9jb3VudCI7aTowO3M6MTQ6ImZhdm9yaXRlX2NvdW50IjtpOjA7czo4OiJlbnRpdGllcyI7Tzo4OiJzdGRDbGFzcyI6NDp7czo4OiJoYXNodGFncyI7YToyOntpOjA7Tzo4OiJzdGRDbGFzcyI6Mjp7czo0OiJ0ZXh0IjtzOjEwOiJPcGVuR292Tm93IjtzOjc6ImluZGljZXMiO2E6Mjp7aTowO2k6NzE7aToxO2k6ODI7fX1pOjE7Tzo4OiJzdGRDbGFzcyI6Mjp7czo0OiJ0ZXh0IjtzOjEyOiJ0cmFuc3BhcmVuY3kiO3M6NzoiaW5kaWNlcyI7YToyOntpOjA7aTo4MztpOjE7aTo5Njt9fX1zOjc6InN5bWJvbHMiO2E6MDp7fXM6NDoidXJscyI7YToxOntpOjA7Tzo4OiJzdGRDbGFzcyI6NDp7czozOiJ1cmwiO3M6MjI6Imh0dHA6Ly90LmNvL1V4ZTBJVnpycnAiO3M6MTI6ImV4cGFuZGVkX3VybCI7czoyMDoiaHR0cDovL3dybGQuYmcvdzR2N0oiO3M6MTE6ImRpc3BsYXlfdXJsIjtzOjEzOiJ3cmxkLmJnL3c0djdKIjtzOjc6ImluZGljZXMiO2E6Mjp7aTowO2k6NDg7aToxO2k6NzA7fX19czoxMzoidXNlcl9tZW50aW9ucyI7YTowOnt9fXM6OToiZmF2b3JpdGVkIjtiOjA7czo5OiJyZXR3ZWV0ZWQiO2I6MDtzOjE4OiJwb3NzaWJseV9zZW5zaXRpdmUiO2I6MDtzOjEyOiJmaWx0ZXJfbGV2ZWwiO3M6NjoibWVkaXVtIjtzOjQ6ImxhbmciO3M6MjoiZW4iO30=', 1),
(461539588151214081, 3, '2014-04-30 16:16:27', 'Tzo4OiJzdGRDbGFzcyI6MjU6e3M6MTA6ImNyZWF0ZWRfYXQiO3M6MzA6IldlZCBBcHIgMzAgMTY6MTY6MjcgKzAwMDAgMjAxNCI7czoyOiJpZCI7ZDo0LjYxNTM5NTg4MTUxMjE0MDhFKzE3O3M6NjoiaWRfc3RyIjtzOjE4OiI0NjE1Mzk1ODgxNTEyMTQwODEiO3M6NDoidGV4dCI7czoxMTI6IlJUIEB3YnlvdXRoaW5rOiA1IHRoaW5ncyB5b3UgbmVlZCB0byBrbm93IGFib3V0IG9wZW4gZ292ZXJubWVudCBodHRwOi8vdC5jby9VeGUwSVZ6cnJwICNPcGVuR292Tm93ICN0cmFuc3BhcmVuY3kiO3M6Njoic291cmNlIjtzOjg0OiI8YSBocmVmPSJodHRwOi8vdHdpdHRlci5jb20vZG93bmxvYWQvYW5kcm9pZCIgcmVsPSJub2ZvbGxvdyI+VHdpdHRlciBmb3IgQW5kcm9pZDwvYT4iO3M6OToidHJ1bmNhdGVkIjtiOjA7czoyMToiaW5fcmVwbHlfdG9fc3RhdHVzX2lkIjtOO3M6MjU6ImluX3JlcGx5X3RvX3N0YXR1c19pZF9zdHIiO047czoxOToiaW5fcmVwbHlfdG9fdXNlcl9pZCI7TjtzOjIzOiJpbl9yZXBseV90b191c2VyX2lkX3N0ciI7TjtzOjIzOiJpbl9yZXBseV90b19zY3JlZW5fbmFtZSI7TjtzOjQ6InVzZXIiO086ODoic3RkQ2xhc3MiOjM5OntzOjI6ImlkIjtkOjIxNjQ2ODQwNzM7czo2OiJpZF9zdHIiO3M6MTA6IjIxNjQ2ODQwNzMiO3M6NDoibmFtZSI7czoxNToiRGFuYSBBbGFtZWgg4pmhIjtzOjExOiJzY3JlZW5fbmFtZSI7czoxMToiZGFuYW1hbGFtZWgiO3M6ODoibG9jYXRpb24iO3M6Mzoi4pmMIjtzOjM6InVybCI7czozMjoiaHR0cDovL0luc3RhZ3JhbS5jb20vZGFuYW1hbGFtZWgiO3M6MTE6ImRlc2NyaXB0aW9uIjtzOjEyMToiSW50ZXJuYXRpb25hbCBSZWxhdGlvbiBTdHVkZW50ICAgICAgICAgICAgICAgICAgICAgICAgICAgICAgICAgICAgIC1Xb3JrIGhhcmQgaW4gc2lsZW5jZSwgbGV0IHN1Y2Nlc3MgYmUgeW91ciBub2lzZSDinKggLSI7czo5OiJwcm90ZWN0ZWQiO2I6MDtzOjE1OiJmb2xsb3dlcnNfY291bnQiO2k6MTYyO3M6MTM6ImZyaWVuZHNfY291bnQiO2k6MzQzO3M6MTI6Imxpc3RlZF9jb3VudCI7aTo0O3M6MTA6ImNyZWF0ZWRfYXQiO3M6MzA6IlNhdCBOb3YgMDIgMTA6NTk6NDkgKzAwMDAgMjAxMyI7czoxNjoiZmF2b3VyaXRlc19jb3VudCI7aToxMTQ0NztzOjEwOiJ1dGNfb2Zmc2V0IjtOO3M6OToidGltZV96b25lIjtOO3M6MTE6Imdlb19lbmFibGVkIjtiOjE7czo4OiJ2ZXJpZmllZCI7YjowO3M6MTQ6InN0YXR1c2VzX2NvdW50IjtpOjk1Mjc7czo0OiJsYW5nIjtzOjI6ImVuIjtzOjIwOiJjb250cmlidXRvcnNfZW5hYmxlZCI7YjowO3M6MTM6ImlzX3RyYW5zbGF0b3IiO2I6MDtzOjIyOiJpc190cmFuc2xhdGlvbl9lbmFibGVkIjtiOjA7czoyNDoicHJvZmlsZV9iYWNrZ3JvdW5kX2NvbG9yIjtzOjY6IkMwREVFRCI7czoyODoicHJvZmlsZV9iYWNrZ3JvdW5kX2ltYWdlX3VybCI7czo0ODoiaHR0cDovL2Ficy50d2ltZy5jb20vaW1hZ2VzL3RoZW1lcy90aGVtZTEvYmcucG5nIjtzOjM0OiJwcm9maWxlX2JhY2tncm91bmRfaW1hZ2VfdXJsX2h0dHBzIjtzOjQ5OiJodHRwczovL2Ficy50d2ltZy5jb20vaW1hZ2VzL3RoZW1lcy90aGVtZTEvYmcucG5nIjtzOjIzOiJwcm9maWxlX2JhY2tncm91bmRfdGlsZSI7YjowO3M6MTc6InByb2ZpbGVfaW1hZ2VfdXJsIjtzOjc1OiJodHRwOi8vcGJzLnR3aW1nLmNvbS9wcm9maWxlX2ltYWdlcy80NjA0NzY5MTgwNjUwMTY4MzIvMXdYTDcxSVFfbm9ybWFsLmpwZWciO3M6MjM6InByb2ZpbGVfaW1hZ2VfdXJsX2h0dHBzIjtzOjc2OiJodHRwczovL3Bicy50d2ltZy5jb20vcHJvZmlsZV9pbWFnZXMvNDYwNDc2OTE4MDY1MDE2ODMyLzF3WEw3MUlRX25vcm1hbC5qcGVnIjtzOjE4OiJwcm9maWxlX2Jhbm5lcl91cmwiO3M6NTk6Imh0dHBzOi8vcGJzLnR3aW1nLmNvbS9wcm9maWxlX2Jhbm5lcnMvMjE2NDY4NDA3My8xMzg4NDc5Mjc5IjtzOjE4OiJwcm9maWxlX2xpbmtfY29sb3IiO3M6NjoiMDA4NEI0IjtzOjI4OiJwcm9maWxlX3NpZGViYXJfYm9yZGVyX2NvbG9yIjtzOjY6IkMwREVFRCI7czoyNjoicHJvZmlsZV9zaWRlYmFyX2ZpbGxfY29sb3IiO3M6NjoiRERFRUY2IjtzOjE4OiJwcm9maWxlX3RleHRfY29sb3IiO3M6NjoiMzMzMzMzIjtzOjI4OiJwcm9maWxlX3VzZV9iYWNrZ3JvdW5kX2ltYWdlIjtiOjE7czoxNToiZGVmYXVsdF9wcm9maWxlIjtiOjE7czoyMToiZGVmYXVsdF9wcm9maWxlX2ltYWdlIjtiOjA7czo5OiJmb2xsb3dpbmciO047czoxOToiZm9sbG93X3JlcXVlc3Rfc2VudCI7TjtzOjEzOiJub3RpZmljYXRpb25zIjtOO31zOjM6ImdlbyI7TjtzOjExOiJjb29yZGluYXRlcyI7TjtzOjU6InBsYWNlIjtOO3M6MTI6ImNvbnRyaWJ1dG9ycyI7TjtzOjE2OiJyZXR3ZWV0ZWRfc3RhdHVzIjtPOjg6InN0ZENsYXNzIjoyMzp7czoxMDoiY3JlYXRlZF9hdCI7czozMDoiV2VkIEFwciAzMCAxNjoxNTo1NyArMDAwMCAyMDE0IjtzOjI6ImlkIjtkOjQuNjE1Mzk0NjQzOTgyNjIyN0UrMTc7czo2OiJpZF9zdHIiO3M6MTg6IjQ2MTUzOTQ2NDM5ODI2MjI3MyI7czo0OiJ0ZXh0IjtzOjk2OiI1IHRoaW5ncyB5b3UgbmVlZCB0byBrbm93IGFib3V0IG9wZW4gZ292ZXJubWVudCBodHRwOi8vdC5jby9VeGUwSVZ6cnJwICNPcGVuR292Tm93ICN0cmFuc3BhcmVuY3kiO3M6Njoic291cmNlIjtzOjYzOiI8YSBocmVmPSJodHRwOi8vd3d3Lmhvb3RzdWl0ZS5jb20iIHJlbD0ibm9mb2xsb3ciPkhvb3RTdWl0ZTwvYT4iO3M6OToidHJ1bmNhdGVkIjtiOjA7czoyMToiaW5fcmVwbHlfdG9fc3RhdHVzX2lkIjtOO3M6MjU6ImluX3JlcGx5X3RvX3N0YXR1c19pZF9zdHIiO047czoxOToiaW5fcmVwbHlfdG9fdXNlcl9pZCI7TjtzOjIzOiJpbl9yZXBseV90b191c2VyX2lkX3N0ciI7TjtzOjIzOiJpbl9yZXBseV90b19zY3JlZW5fbmFtZSI7TjtzOjQ6InVzZXIiO086ODoic3RkQ2xhc3MiOjM4OntzOjI6ImlkIjtpOjMyNDkxOTkzO3M6NjoiaWRfc3RyIjtzOjg6IjMyNDkxOTkzIjtzOjQ6Im5hbWUiO3M6OToiWW91dGhpbmshIjtzOjExOiJzY3JlZW5fbmFtZSI7czoxMDoid2J5b3V0aGluayI7czo4OiJsb2NhdGlvbiI7czoxNDoiV2FzaGluZ3RvbiwgREMiO3M6MzoidXJsIjtzOjI2OiJodHRwOi8vd29ybGRiYW5rLm9yZy95b3V0aCI7czoxMToiZGVzY3JpcHRpb24iO3M6OTM6IllvdXRoaW5rISBpcyB0aGUgV29ybGQgQmFuaydzIG9ubGluZSBzcGFjZSBmb3IgeW91dGggdG8gbGVhcm4gYW5kIGRpc2N1c3MgZGV2ZWxvcG1lbnQgdG9waWNzLiI7czo5OiJwcm90ZWN0ZWQiO2I6MDtzOjE1OiJmb2xsb3dlcnNfY291bnQiO2k6NjU4MDtzOjEzOiJmcmllbmRzX2NvdW50IjtpOjMyMjtzOjEyOiJsaXN0ZWRfY291bnQiO2k6MjA0O3M6MTA6ImNyZWF0ZWRfYXQiO3M6MzA6IkZyaSBBcHIgMTcgMTc6MzY6MTQgKzAwMDAgMjAwOSI7czoxNjoiZmF2b3VyaXRlc19jb3VudCI7aTo1OTtzOjEwOiJ1dGNfb2Zmc2V0IjtpOi0xNDQwMDtzOjk6InRpbWVfem9uZSI7czoyNjoiRWFzdGVybiBUaW1lIChVUyAmIENhbmFkYSkiO3M6MTE6Imdlb19lbmFibGVkIjtiOjA7czo4OiJ2ZXJpZmllZCI7YjowO3M6MTQ6InN0YXR1c2VzX2NvdW50IjtpOjI3MDk7czo0OiJsYW5nIjtzOjI6ImVuIjtzOjIwOiJjb250cmlidXRvcnNfZW5hYmxlZCI7YjowO3M6MTM6ImlzX3RyYW5zbGF0b3IiO2I6MDtzOjIyOiJpc190cmFuc2xhdGlvbl9lbmFibGVkIjtiOjA7czoyNDoicHJvZmlsZV9iYWNrZ3JvdW5kX2NvbG9yIjtzOjY6IkZGRkZGRiI7czoyODoicHJvZmlsZV9iYWNrZ3JvdW5kX2ltYWdlX3VybCI7czo4MToiaHR0cDovL3Bicy50d2ltZy5jb20vcHJvZmlsZV9iYWNrZ3JvdW5kX2ltYWdlcy82NjM2NjI0MjEvdTV6NnAybWFkY3I0YjFjcjV6Y2cucG5nIjtzOjM0OiJwcm9maWxlX2JhY2tncm91bmRfaW1hZ2VfdXJsX2h0dHBzIjtzOjgyOiJodHRwczovL3Bicy50d2ltZy5jb20vcHJvZmlsZV9iYWNrZ3JvdW5kX2ltYWdlcy82NjM2NjI0MjEvdTV6NnAybWFkY3I0YjFjcjV6Y2cucG5nIjtzOjIzOiJwcm9maWxlX2JhY2tncm91bmRfdGlsZSI7YjowO3M6MTc6InByb2ZpbGVfaW1hZ2VfdXJsIjtzOjgxOiJodHRwOi8vcGJzLnR3aW1nLmNvbS9wcm9maWxlX2ltYWdlcy8xMTI5MjI0MjQ5L1lvdXRoaW5rX0ZhY2Vib29rX1NtYWxsX25vcm1hbC5qcGciO3M6MjM6InByb2ZpbGVfaW1hZ2VfdXJsX2h0dHBzIjtzOjgyOiJodHRwczovL3Bicy50d2ltZy5jb20vcHJvZmlsZV9pbWFnZXMvMTEyOTIyNDI0OS9Zb3V0aGlua19GYWNlYm9va19TbWFsbF9ub3JtYWwuanBnIjtzOjE4OiJwcm9maWxlX2xpbmtfY29sb3IiO3M6NjoiRDMzODA1IjtzOjI4OiJwcm9maWxlX3NpZGViYXJfYm9yZGVyX2NvbG9yIjtzOjY6IkZGRkZGRiI7czoyNjoicHJvZmlsZV9zaWRlYmFyX2ZpbGxfY29sb3IiO3M6NjoiRkNBRjE2IjtzOjE4OiJwcm9maWxlX3RleHRfY29sb3IiO3M6NjoiMEQwMTBEIjtzOjI4OiJwcm9maWxlX3VzZV9iYWNrZ3JvdW5kX2ltYWdlIjtiOjE7czoxNToiZGVmYXVsdF9wcm9maWxlIjtiOjA7czoyMToiZGVmYXVsdF9wcm9maWxlX2ltYWdlIjtiOjA7czo5OiJmb2xsb3dpbmciO047czoxOToiZm9sbG93X3JlcXVlc3Rfc2VudCI7TjtzOjEzOiJub3RpZmljYXRpb25zIjtOO31zOjM6ImdlbyI7TjtzOjExOiJjb29yZGluYXRlcyI7TjtzOjU6InBsYWNlIjtOO3M6MTI6ImNvbnRyaWJ1dG9ycyI7TjtzOjEzOiJyZXR3ZWV0X2NvdW50IjtpOjE7czoxNDoiZmF2b3JpdGVfY291bnQiO2k6MTtzOjg6ImVudGl0aWVzIjtPOjg6InN0ZENsYXNzIjo0OntzOjg6Imhhc2h0YWdzIjthOjI6e2k6MDtPOjg6InN0ZENsYXNzIjoyOntzOjQ6InRleHQiO3M6MTA6Ik9wZW5Hb3ZOb3ciO3M6NzoiaW5kaWNlcyI7YToyOntpOjA7aTo3MTtpOjE7aTo4Mjt9fWk6MTtPOjg6InN0ZENsYXNzIjoyOntzOjQ6InRleHQiO3M6MTI6InRyYW5zcGFyZW5jeSI7czo3OiJpbmRpY2VzIjthOjI6e2k6MDtpOjgzO2k6MTtpOjk2O319fXM6Nzoic3ltYm9scyI7YTowOnt9czo0OiJ1cmxzIjthOjE6e2k6MDtPOjg6InN0ZENsYXNzIjo0OntzOjM6InVybCI7czoyMjoiaHR0cDovL3QuY28vVXhlMElWenJycCI7czoxMjoiZXhwYW5kZWRfdXJsIjtzOjIwOiJodHRwOi8vd3JsZC5iZy93NHY3SiI7czoxMToiZGlzcGxheV91cmwiO3M6MTM6IndybGQuYmcvdzR2N0oiO3M6NzoiaW5kaWNlcyI7YToyOntpOjA7aTo0ODtpOjE7aTo3MDt9fX1zOjEzOiJ1c2VyX21lbnRpb25zIjthOjA6e319czo5OiJmYXZvcml0ZWQiO2I6MDtzOjk6InJldHdlZXRlZCI7YjowO3M6MTg6InBvc3NpYmx5X3NlbnNpdGl2ZSI7YjowO3M6NDoibGFuZyI7czoyOiJlbiI7fXM6MTM6InJldHdlZXRfY291bnQiO2k6MDtzOjE0OiJmYXZvcml0ZV9jb3VudCI7aTowO3M6ODoiZW50aXRpZXMiO086ODoic3RkQ2xhc3MiOjQ6e3M6ODoiaGFzaHRhZ3MiO2E6Mjp7aTowO086ODoic3RkQ2xhc3MiOjI6e3M6NDoidGV4dCI7czoxMDoiT3Blbkdvdk5vdyI7czo3OiJpbmRpY2VzIjthOjI6e2k6MDtpOjg3O2k6MTtpOjk4O319aToxO086ODoic3RkQ2xhc3MiOjI6e3M6NDoidGV4dCI7czoxMjoidHJhbnNwYXJlbmN5IjtzOjc6ImluZGljZXMiO2E6Mjp7aTowO2k6OTk7aToxO2k6MTEyO319fXM6Nzoic3ltYm9scyI7YTowOnt9czo0OiJ1cmxzIjthOjE6e2k6MDtPOjg6InN0ZENsYXNzIjo0OntzOjM6InVybCI7czoyMjoiaHR0cDovL3QuY28vVXhlMElWenJycCI7czoxMjoiZXhwYW5kZWRfdXJsIjtzOjIwOiJodHRwOi8vd3JsZC5iZy93NHY3SiI7czoxMToiZGlzcGxheV91cmwiO3M6MTM6IndybGQuYmcvdzR2N0oiO3M6NzoiaW5kaWNlcyI7YToyOntpOjA7aTo2NDtpOjE7aTo4Njt9fX1zOjEzOiJ1c2VyX21lbnRpb25zIjthOjE6e2k6MDtPOjg6InN0ZENsYXNzIjo1OntzOjExOiJzY3JlZW5fbmFtZSI7czoxMDoid2J5b3V0aGluayI7czo0OiJuYW1lIjtzOjk6IllvdXRoaW5rISI7czoyOiJpZCI7aTozMjQ5MTk5MztzOjY6ImlkX3N0ciI7czo4OiIzMjQ5MTk5MyI7czo3OiJpbmRpY2VzIjthOjI6e2k6MDtpOjM7aToxO2k6MTQ7fX19fXM6OToiZmF2b3JpdGVkIjtiOjA7czo5OiJyZXR3ZWV0ZWQiO2I6MDtzOjE4OiJwb3NzaWJseV9zZW5zaXRpdmUiO2I6MDtzOjEyOiJmaWx0ZXJfbGV2ZWwiO3M6NjoibWVkaXVtIjtzOjQ6ImxhbmciO3M6MjoiZW4iO30=', 1),
(461539615930073088, 4, '2014-04-30 16:16:34', 'Tzo4OiJzdGRDbGFzcyI6MjU6e3M6MTA6ImNyZWF0ZWRfYXQiO3M6MzA6IldlZCBBcHIgMzAgMTY6MTY6MzQgKzAwMDAgMjAxNCI7czoyOiJpZCI7ZDo0LjYxNTM5NjE1OTMwMDczMDlFKzE3O3M6NjoiaWRfc3RyIjtzOjE4OiI0NjE1Mzk2MTU5MzAwNzMwODgiO3M6NDoidGV4dCI7czo5NDoiUlQgQG1pZ2hlaWxsZTogNSB0aGluZ3MgeW91IG5lZWQgdG8ga25vdyBhYm91dCBnb3Zlcm5tZW50cyBodHRwOi8vdC5jby9LVVBmQk5DZTR1ICAjb3Blbmdvdm5vdyI7czo2OiJzb3VyY2UiO3M6Mzoid2ViIjtzOjk6InRydW5jYXRlZCI7YjowO3M6MjE6ImluX3JlcGx5X3RvX3N0YXR1c19pZCI7TjtzOjI1OiJpbl9yZXBseV90b19zdGF0dXNfaWRfc3RyIjtOO3M6MTk6ImluX3JlcGx5X3RvX3VzZXJfaWQiO047czoyMzoiaW5fcmVwbHlfdG9fdXNlcl9pZF9zdHIiO047czoyMzoiaW5fcmVwbHlfdG9fc2NyZWVuX25hbWUiO047czo0OiJ1c2VyIjtPOjg6InN0ZENsYXNzIjozODp7czoyOiJpZCI7aToyMDM1NTkxMTtzOjY6ImlkX3N0ciI7czo4OiIyMDM1NTkxMSI7czo0OiJuYW1lIjtzOjE4OiJKYW4gdmFuIGRlciBNZWlkZW4iO3M6MTE6InNjcmVlbl9uYW1lIjtzOjc6ImptZWlkZW4iO3M6ODoibG9jYXRpb24iO3M6MDoiIjtzOjM6InVybCI7czoyODoiaHR0cHM6Ly9naXRodWIuY29tL2p2ZG1laWRlbiI7czoxMToiZGVzY3JpcHRpb24iO3M6NTg6IlRyeWluZyB0byB3cml0ZSBlZmZpY2llbnQgY29kZSB1c2luZyB0aGUgbGF0ZXN0IHRlY2hub2xvZ3kiO3M6OToicHJvdGVjdGVkIjtiOjA7czoxNToiZm9sbG93ZXJzX2NvdW50IjtpOjM2OTtzOjEzOiJmcmllbmRzX2NvdW50IjtpOjI3MztzOjEyOiJsaXN0ZWRfY291bnQiO2k6MTg7czoxMDoiY3JlYXRlZF9hdCI7czozMDoiU3VuIEZlYiAwOCAwODoxOTo0MiArMDAwMCAyMDA5IjtzOjE2OiJmYXZvdXJpdGVzX2NvdW50IjtpOjU1MDtzOjEwOiJ1dGNfb2Zmc2V0IjtpOjcyMDA7czo5OiJ0aW1lX3pvbmUiO3M6OToiQW1zdGVyZGFtIjtzOjExOiJnZW9fZW5hYmxlZCI7YjoxO3M6ODoidmVyaWZpZWQiO2I6MDtzOjE0OiJzdGF0dXNlc19jb3VudCI7aTo0MTU5O3M6NDoibGFuZyI7czoyOiJubCI7czoyMDoiY29udHJpYnV0b3JzX2VuYWJsZWQiO2I6MDtzOjEzOiJpc190cmFuc2xhdG9yIjtiOjA7czoyMjoiaXNfdHJhbnNsYXRpb25fZW5hYmxlZCI7YjowO3M6MjQ6InByb2ZpbGVfYmFja2dyb3VuZF9jb2xvciI7czo2OiIxMzE1MTYiO3M6Mjg6InByb2ZpbGVfYmFja2dyb3VuZF9pbWFnZV91cmwiO3M6NjM6Imh0dHA6Ly9wYnMudHdpbWcuY29tL3Byb2ZpbGVfYmFja2dyb3VuZF9pbWFnZXMvNDg5MTI4MDcvQkdULmpwZyI7czozNDoicHJvZmlsZV9iYWNrZ3JvdW5kX2ltYWdlX3VybF9odHRwcyI7czo2NDoiaHR0cHM6Ly9wYnMudHdpbWcuY29tL3Byb2ZpbGVfYmFja2dyb3VuZF9pbWFnZXMvNDg5MTI4MDcvQkdULmpwZyI7czoyMzoicHJvZmlsZV9iYWNrZ3JvdW5kX3RpbGUiO2I6MTtzOjE3OiJwcm9maWxlX2ltYWdlX3VybCI7czo3OToiaHR0cDovL3Bicy50d2ltZy5jb20vcHJvZmlsZV9pbWFnZXMvMjI4MTY3NTc2Mi9sbzBmMDk1bHNpM3h5cTUybnFtdF9ub3JtYWwuanBlZyI7czoyMzoicHJvZmlsZV9pbWFnZV91cmxfaHR0cHMiO3M6ODA6Imh0dHBzOi8vcGJzLnR3aW1nLmNvbS9wcm9maWxlX2ltYWdlcy8yMjgxNjc1NzYyL2xvMGYwOTVsc2kzeHlxNTJucW10X25vcm1hbC5qcGVnIjtzOjE4OiJwcm9maWxlX2xpbmtfY29sb3IiO3M6NjoiMDA5OTk5IjtzOjI4OiJwcm9maWxlX3NpZGViYXJfYm9yZGVyX2NvbG9yIjtzOjY6IkVFRUVFRSI7czoyNjoicHJvZmlsZV9zaWRlYmFyX2ZpbGxfY29sb3IiO3M6NjoiRUZFRkVGIjtzOjE4OiJwcm9maWxlX3RleHRfY29sb3IiO3M6NjoiMzMzMzMzIjtzOjI4OiJwcm9maWxlX3VzZV9iYWNrZ3JvdW5kX2ltYWdlIjtiOjA7czoxNToiZGVmYXVsdF9wcm9maWxlIjtiOjA7czoyMToiZGVmYXVsdF9wcm9maWxlX2ltYWdlIjtiOjA7czo5OiJmb2xsb3dpbmciO047czoxOToiZm9sbG93X3JlcXVlc3Rfc2VudCI7TjtzOjEzOiJub3RpZmljYXRpb25zIjtOO31zOjM6ImdlbyI7TjtzOjExOiJjb29yZGluYXRlcyI7TjtzOjU6InBsYWNlIjtOO3M6MTI6ImNvbnRyaWJ1dG9ycyI7TjtzOjE2OiJyZXR3ZWV0ZWRfc3RhdHVzIjtPOjg6InN0ZENsYXNzIjoyMzp7czoxMDoiY3JlYXRlZF9hdCI7czozMDoiV2VkIEFwciAzMCAxNjowMTo1MSArMDAwMCAyMDE0IjtzOjI6ImlkIjtkOjQuNjE1MzU5MTQ2MjQ1NjUyNUUrMTc7czo2OiJpZF9zdHIiO3M6MTg6IjQ2MTUzNTkxNDYyNDU2NTI0OCI7czo0OiJ0ZXh0IjtzOjc5OiI1IHRoaW5ncyB5b3UgbmVlZCB0byBrbm93IGFib3V0IGdvdmVybm1lbnRzIGh0dHA6Ly90LmNvL0tVUGZCTkNlNHUgICNvcGVuZ292bm93IjtzOjY6InNvdXJjZSI7czozOiJ3ZWIiO3M6OToidHJ1bmNhdGVkIjtiOjA7czoyMToiaW5fcmVwbHlfdG9fc3RhdHVzX2lkIjtOO3M6MjU6ImluX3JlcGx5X3RvX3N0YXR1c19pZF9zdHIiO047czoxOToiaW5fcmVwbHlfdG9fdXNlcl9pZCI7TjtzOjIzOiJpbl9yZXBseV90b191c2VyX2lkX3N0ciI7TjtzOjIzOiJpbl9yZXBseV90b19zY3JlZW5fbmFtZSI7TjtzOjQ6InVzZXIiO086ODoic3RkQ2xhc3MiOjM4OntzOjI6ImlkIjtpOjE5NjA0NTMxO3M6NjoiaWRfc3RyIjtzOjg6IjE5NjA0NTMxIjtzOjQ6Im5hbWUiO3M6MTM6Ik1pcmVpbGxlIFJhYWQiO3M6MTE6InNjcmVlbl9uYW1lIjtzOjk6Im1pZ2hlaWxsZSI7czo4OiJsb2NhdGlvbiI7czo5OiJEQy9CZWlydXQiO3M6MzoidXJsIjtzOjE4OiJodHRwOi8vbWlyZWlsbGUuaXQiO3M6MTE6ImRlc2NyaXB0aW9uIjtzOjE1NToiRnJlZWxhbmNlIHByb2dyYW1tZXIgaW50byBkYXRhIG1pbmluZywgZDNqcywgZ3JpZCBjb21wdXRpbmcvc3RvcmFnZSwgb3BlbiBzb3VyY2UsaGFja3RpdmlzbSwgcGhvdG9ncmFwaHkuIEtub296cm9vbSB8IFdvcmxkIEJhbmsgSUNUNEdvdi9PcGVuR292IGNvbnN1bHRhbnQiO3M6OToicHJvdGVjdGVkIjtiOjA7czoxNToiZm9sbG93ZXJzX2NvdW50IjtpOjI1NTM7czoxMzoiZnJpZW5kc19jb3VudCI7aToyMDQyO3M6MTI6Imxpc3RlZF9jb3VudCI7aToxMjc7czoxMDoiY3JlYXRlZF9hdCI7czozMDoiVHVlIEphbiAyNyAxNzo1MToyMyArMDAwMCAyMDA5IjtzOjE2OiJmYXZvdXJpdGVzX2NvdW50IjtpOjM4O3M6MTA6InV0Y19vZmZzZXQiO2k6LTE0NDAwO3M6OToidGltZV96b25lIjtzOjg6IlNhbnRpYWdvIjtzOjExOiJnZW9fZW5hYmxlZCI7YjowO3M6ODoidmVyaWZpZWQiO2I6MDtzOjE0OiJzdGF0dXNlc19jb3VudCI7aToxNjgwMTtzOjQ6ImxhbmciO3M6MjoiZW4iO3M6MjA6ImNvbnRyaWJ1dG9yc19lbmFibGVkIjtiOjA7czoxMzoiaXNfdHJhbnNsYXRvciI7YjowO3M6MjI6ImlzX3RyYW5zbGF0aW9uX2VuYWJsZWQiO2I6MDtzOjI0OiJwcm9maWxlX2JhY2tncm91bmRfY29sb3IiO3M6NjoiMDAwMDAwIjtzOjI4OiJwcm9maWxlX2JhY2tncm91bmRfaW1hZ2VfdXJsIjtzOjYzOiJodHRwOi8vcGJzLnR3aW1nLmNvbS9wcm9maWxlX2JhY2tncm91bmRfaW1hZ2VzLzE0MjAxMDE4NS9qMS5qcGciO3M6MzQ6InByb2ZpbGVfYmFja2dyb3VuZF9pbWFnZV91cmxfaHR0cHMiO3M6NjQ6Imh0dHBzOi8vcGJzLnR3aW1nLmNvbS9wcm9maWxlX2JhY2tncm91bmRfaW1hZ2VzLzE0MjAxMDE4NS9qMS5qcGciO3M6MjM6InByb2ZpbGVfYmFja2dyb3VuZF90aWxlIjtiOjA7czoxNzoicHJvZmlsZV9pbWFnZV91cmwiO3M6NzU6Imh0dHA6Ly9wYnMudHdpbWcuY29tL3Byb2ZpbGVfaW1hZ2VzLzQ0MjE2NDc3MTExNTEzMDg4MS9WOUtnU3o5R19ub3JtYWwuanBlZyI7czoyMzoicHJvZmlsZV9pbWFnZV91cmxfaHR0cHMiO3M6NzY6Imh0dHBzOi8vcGJzLnR3aW1nLmNvbS9wcm9maWxlX2ltYWdlcy80NDIxNjQ3NzExMTUxMzA4ODEvVjlLZ1N6OUdfbm9ybWFsLmpwZWciO3M6MTg6InByb2ZpbGVfbGlua19jb2xvciI7czo2OiIyRkMyRUYiO3M6Mjg6InByb2ZpbGVfc2lkZWJhcl9ib3JkZXJfY29sb3IiO3M6NjoiMTgxQTFFIjtzOjI2OiJwcm9maWxlX3NpZGViYXJfZmlsbF9jb2xvciI7czo2OiIyNTI0MjkiO3M6MTg6InByb2ZpbGVfdGV4dF9jb2xvciI7czo2OiI2NjY2NjYiO3M6Mjg6InByb2ZpbGVfdXNlX2JhY2tncm91bmRfaW1hZ2UiO2I6MDtzOjE1OiJkZWZhdWx0X3Byb2ZpbGUiO2I6MDtzOjIxOiJkZWZhdWx0X3Byb2ZpbGVfaW1hZ2UiO2I6MDtzOjk6ImZvbGxvd2luZyI7TjtzOjE5OiJmb2xsb3dfcmVxdWVzdF9zZW50IjtOO3M6MTM6Im5vdGlmaWNhdGlvbnMiO047fXM6MzoiZ2VvIjtOO3M6MTE6ImNvb3JkaW5hdGVzIjtOO3M6NToicGxhY2UiO047czoxMjoiY29udHJpYnV0b3JzIjtOO3M6MTM6InJldHdlZXRfY291bnQiO2k6MTtzOjE0OiJmYXZvcml0ZV9jb3VudCI7aTowO3M6ODoiZW50aXRpZXMiO086ODoic3RkQ2xhc3MiOjQ6e3M6ODoiaGFzaHRhZ3MiO2E6MTp7aTowO086ODoic3RkQ2xhc3MiOjI6e3M6NDoidGV4dCI7czoxMDoib3Blbmdvdm5vdyI7czo3OiJpbmRpY2VzIjthOjI6e2k6MDtpOjY4O2k6MTtpOjc5O319fXM6Nzoic3ltYm9scyI7YTowOnt9czo0OiJ1cmxzIjthOjE6e2k6MDtPOjg6InN0ZENsYXNzIjo0OntzOjM6InVybCI7czoyMjoiaHR0cDovL3QuY28vS1VQZkJOQ2U0dSI7czoxMjoiZXhwYW5kZWRfdXJsIjtzOjExMDoiaHR0cDovL2Jsb2dzLndvcmxkYmFuay5vcmcveW91dGhpbmsvNS10aGluZ3MteW91LW5lZWQta25vdy1hYm91dC1vcGVuLWdvdmVybm1lbnQ/Y2lkPUVYVF9Ud2l0dGVyeW91dGhpbmtfRF9FWFQiO3M6MTE6ImRpc3BsYXlfdXJsIjtzOjM3OiJibG9ncy53b3JsZGJhbmsub3JnL3lvdXRoaW5rLzUtdGhp4oCmIjtzOjc6ImluZGljZXMiO2E6Mjp7aTowO2k6NDQ7aToxO2k6NjY7fX19czoxMzoidXNlcl9tZW50aW9ucyI7YTowOnt9fXM6OToiZmF2b3JpdGVkIjtiOjA7czo5OiJyZXR3ZWV0ZWQiO2I6MDtzOjE4OiJwb3NzaWJseV9zZW5zaXRpdmUiO2I6MDtzOjQ6ImxhbmciO3M6MjoiZW4iO31zOjEzOiJyZXR3ZWV0X2NvdW50IjtpOjA7czoxNDoiZmF2b3JpdGVfY291bnQiO2k6MDtzOjg6ImVudGl0aWVzIjtPOjg6InN0ZENsYXNzIjo0OntzOjg6Imhhc2h0YWdzIjthOjE6e2k6MDtPOjg6InN0ZENsYXNzIjoyOntzOjQ6InRleHQiO3M6MTA6Im9wZW5nb3Zub3ciO3M6NzoiaW5kaWNlcyI7YToyOntpOjA7aTo4MztpOjE7aTo5NDt9fX1zOjc6InN5bWJvbHMiO2E6MDp7fXM6NDoidXJscyI7YToxOntpOjA7Tzo4OiJzdGRDbGFzcyI6NDp7czozOiJ1cmwiO3M6MjI6Imh0dHA6Ly90LmNvL0tVUGZCTkNlNHUiO3M6MTI6ImV4cGFuZGVkX3VybCI7czoxMTA6Imh0dHA6Ly9ibG9ncy53b3JsZGJhbmsub3JnL3lvdXRoaW5rLzUtdGhpbmdzLXlvdS1uZWVkLWtub3ctYWJvdXQtb3Blbi1nb3Zlcm5tZW50P2NpZD1FWFRfVHdpdHRlcnlvdXRoaW5rX0RfRVhUIjtzOjExOiJkaXNwbGF5X3VybCI7czozNzoiYmxvZ3Mud29ybGRiYW5rLm9yZy95b3V0aGluay81LXRoaeKApiI7czo3OiJpbmRpY2VzIjthOjI6e2k6MDtpOjU5O2k6MTtpOjgxO319fXM6MTM6InVzZXJfbWVudGlvbnMiO2E6MTp7aTowO086ODoic3RkQ2xhc3MiOjU6e3M6MTE6InNjcmVlbl9uYW1lIjtzOjk6Im1pZ2hlaWxsZSI7czo0OiJuYW1lIjtzOjEzOiJNaXJlaWxsZSBSYWFkIjtzOjI6ImlkIjtpOjE5NjA0NTMxO3M6NjoiaWRfc3RyIjtzOjg6IjE5NjA0NTMxIjtzOjc6ImluZGljZXMiO2E6Mjp7aTowO2k6MztpOjE7aToxMzt9fX19czo5OiJmYXZvcml0ZWQiO2I6MDtzOjk6InJldHdlZXRlZCI7YjowO3M6MTg6InBvc3NpYmx5X3NlbnNpdGl2ZSI7YjowO3M6MTI6ImZpbHRlcl9sZXZlbCI7czo2OiJtZWRpdW0iO3M6NDoibGFuZyI7czoyOiJlbiI7fQ==', 1),
(461539955534487552, 5, '2014-04-30 16:17:55', 'Tzo4OiJzdGRDbGFzcyI6MjU6e3M6MTA6ImNyZWF0ZWRfYXQiO3M6MzA6IldlZCBBcHIgMzAgMTY6MTc6NTUgKzAwMDAgMjAxNCI7czoyOiJpZCI7ZDo0LjYxNTM5OTU1NTM0NDg3NTVFKzE3O3M6NjoiaWRfc3RyIjtzOjE4OiI0NjE1Mzk5NTU1MzQ0ODc1NTIiO3M6NDoidGV4dCI7czoxMTI6IlJUIEB3YnlvdXRoaW5rOiA1IHRoaW5ncyB5b3UgbmVlZCB0byBrbm93IGFib3V0IG9wZW4gZ292ZXJubWVudCBodHRwOi8vdC5jby9VeGUwSVZ6cnJwICNPcGVuR292Tm93ICN0cmFuc3BhcmVuY3kiO3M6Njoic291cmNlIjtzOjM6IndlYiI7czo5OiJ0cnVuY2F0ZWQiO2I6MDtzOjIxOiJpbl9yZXBseV90b19zdGF0dXNfaWQiO047czoyNToiaW5fcmVwbHlfdG9fc3RhdHVzX2lkX3N0ciI7TjtzOjE5OiJpbl9yZXBseV90b191c2VyX2lkIjtOO3M6MjM6ImluX3JlcGx5X3RvX3VzZXJfaWRfc3RyIjtOO3M6MjM6ImluX3JlcGx5X3RvX3NjcmVlbl9uYW1lIjtOO3M6NDoidXNlciI7Tzo4OiJzdGRDbGFzcyI6Mzg6e3M6MjoiaWQiO2k6MTQzMDM5ODA0MDtzOjY6ImlkX3N0ciI7czoxMDoiMTQzMDM5ODA0MCI7czo0OiJuYW1lIjtzOjE4OiJBYmRvdWwgRy4gVENIQUxBT1UiO3M6MTE6InNjcmVlbl9uYW1lIjtzOjg6IlRjaGFsZ2FmIjtzOjg6ImxvY2F0aW9uIjtzOjA6IiI7czozOiJ1cmwiO047czoxMToiZGVzY3JpcHRpb24iO047czo5OiJwcm90ZWN0ZWQiO2I6MDtzOjE1OiJmb2xsb3dlcnNfY291bnQiO2k6NTY7czoxMzoiZnJpZW5kc19jb3VudCI7aToyODY7czoxMjoibGlzdGVkX2NvdW50IjtpOjE7czoxMDoiY3JlYXRlZF9hdCI7czozMDoiV2VkIE1heSAxNSAxMjoyNzozNSArMDAwMCAyMDEzIjtzOjE2OiJmYXZvdXJpdGVzX2NvdW50IjtpOjA7czoxMDoidXRjX29mZnNldCI7aTozNjAwO3M6OToidGltZV96b25lIjtzOjEwOiJDYXNhYmxhbmNhIjtzOjExOiJnZW9fZW5hYmxlZCI7YjoxO3M6ODoidmVyaWZpZWQiO2I6MDtzOjE0OiJzdGF0dXNlc19jb3VudCI7aToyNjk7czo0OiJsYW5nIjtzOjI6ImZyIjtzOjIwOiJjb250cmlidXRvcnNfZW5hYmxlZCI7YjowO3M6MTM6ImlzX3RyYW5zbGF0b3IiO2I6MDtzOjIyOiJpc190cmFuc2xhdGlvbl9lbmFibGVkIjtiOjA7czoyNDoicHJvZmlsZV9iYWNrZ3JvdW5kX2NvbG9yIjtzOjY6IkMwREVFRCI7czoyODoicHJvZmlsZV9iYWNrZ3JvdW5kX2ltYWdlX3VybCI7czo0ODoiaHR0cDovL2Ficy50d2ltZy5jb20vaW1hZ2VzL3RoZW1lcy90aGVtZTEvYmcucG5nIjtzOjM0OiJwcm9maWxlX2JhY2tncm91bmRfaW1hZ2VfdXJsX2h0dHBzIjtzOjQ5OiJodHRwczovL2Ficy50d2ltZy5jb20vaW1hZ2VzL3RoZW1lcy90aGVtZTEvYmcucG5nIjtzOjIzOiJwcm9maWxlX2JhY2tncm91bmRfdGlsZSI7YjowO3M6MTc6InByb2ZpbGVfaW1hZ2VfdXJsIjtzOjkxOiJodHRwOi8vcGJzLnR3aW1nLmNvbS9wcm9maWxlX2ltYWdlcy8zNjYyMzI1MDgxL2FjNzcxM2I5NDk3NzdmMTFmZmFkYzcwYjE1N2I0YTU5X25vcm1hbC5qcGVnIjtzOjIzOiJwcm9maWxlX2ltYWdlX3VybF9odHRwcyI7czo5MjoiaHR0cHM6Ly9wYnMudHdpbWcuY29tL3Byb2ZpbGVfaW1hZ2VzLzM2NjIzMjUwODEvYWM3NzEzYjk0OTc3N2YxMWZmYWRjNzBiMTU3YjRhNTlfbm9ybWFsLmpwZWciO3M6MTg6InByb2ZpbGVfbGlua19jb2xvciI7czo2OiIwMDg0QjQiO3M6Mjg6InByb2ZpbGVfc2lkZWJhcl9ib3JkZXJfY29sb3IiO3M6NjoiQzBERUVEIjtzOjI2OiJwcm9maWxlX3NpZGViYXJfZmlsbF9jb2xvciI7czo2OiJEREVFRjYiO3M6MTg6InByb2ZpbGVfdGV4dF9jb2xvciI7czo2OiIzMzMzMzMiO3M6Mjg6InByb2ZpbGVfdXNlX2JhY2tncm91bmRfaW1hZ2UiO2I6MTtzOjE1OiJkZWZhdWx0X3Byb2ZpbGUiO2I6MTtzOjIxOiJkZWZhdWx0X3Byb2ZpbGVfaW1hZ2UiO2I6MDtzOjk6ImZvbGxvd2luZyI7TjtzOjE5OiJmb2xsb3dfcmVxdWVzdF9zZW50IjtOO3M6MTM6Im5vdGlmaWNhdGlvbnMiO047fXM6MzoiZ2VvIjtOO3M6MTE6ImNvb3JkaW5hdGVzIjtOO3M6NToicGxhY2UiO047czoxMjoiY29udHJpYnV0b3JzIjtOO3M6MTY6InJldHdlZXRlZF9zdGF0dXMiO086ODoic3RkQ2xhc3MiOjIzOntzOjEwOiJjcmVhdGVkX2F0IjtzOjMwOiJXZWQgQXByIDMwIDE2OjE1OjU3ICswMDAwIDIwMTQiO3M6MjoiaWQiO2Q6NC42MTUzOTQ2NDM5ODI2MjI3RSsxNztzOjY6ImlkX3N0ciI7czoxODoiNDYxNTM5NDY0Mzk4MjYyMjczIjtzOjQ6InRleHQiO3M6OTY6IjUgdGhpbmdzIHlvdSBuZWVkIHRvIGtub3cgYWJvdXQgb3BlbiBnb3Zlcm5tZW50IGh0dHA6Ly90LmNvL1V4ZTBJVnpycnAgI09wZW5Hb3ZOb3cgI3RyYW5zcGFyZW5jeSI7czo2OiJzb3VyY2UiO3M6NjM6IjxhIGhyZWY9Imh0dHA6Ly93d3cuaG9vdHN1aXRlLmNvbSIgcmVsPSJub2ZvbGxvdyI+SG9vdFN1aXRlPC9hPiI7czo5OiJ0cnVuY2F0ZWQiO2I6MDtzOjIxOiJpbl9yZXBseV90b19zdGF0dXNfaWQiO047czoyNToiaW5fcmVwbHlfdG9fc3RhdHVzX2lkX3N0ciI7TjtzOjE5OiJpbl9yZXBseV90b191c2VyX2lkIjtOO3M6MjM6ImluX3JlcGx5X3RvX3VzZXJfaWRfc3RyIjtOO3M6MjM6ImluX3JlcGx5X3RvX3NjcmVlbl9uYW1lIjtOO3M6NDoidXNlciI7Tzo4OiJzdGRDbGFzcyI6Mzg6e3M6MjoiaWQiO2k6MzI0OTE5OTM7czo2OiJpZF9zdHIiO3M6ODoiMzI0OTE5OTMiO3M6NDoibmFtZSI7czo5OiJZb3V0aGluayEiO3M6MTE6InNjcmVlbl9uYW1lIjtzOjEwOiJ3YnlvdXRoaW5rIjtzOjg6ImxvY2F0aW9uIjtzOjE0OiJXYXNoaW5ndG9uLCBEQyI7czozOiJ1cmwiO3M6MjY6Imh0dHA6Ly93b3JsZGJhbmsub3JnL3lvdXRoIjtzOjExOiJkZXNjcmlwdGlvbiI7czo5MzoiWW91dGhpbmshIGlzIHRoZSBXb3JsZCBCYW5rJ3Mgb25saW5lIHNwYWNlIGZvciB5b3V0aCB0byBsZWFybiBhbmQgZGlzY3VzcyBkZXZlbG9wbWVudCB0b3BpY3MuIjtzOjk6InByb3RlY3RlZCI7YjowO3M6MTU6ImZvbGxvd2Vyc19jb3VudCI7aTo2NTgwO3M6MTM6ImZyaWVuZHNfY291bnQiO2k6MzIyO3M6MTI6Imxpc3RlZF9jb3VudCI7aToyMDQ7czoxMDoiY3JlYXRlZF9hdCI7czozMDoiRnJpIEFwciAxNyAxNzozNjoxNCArMDAwMCAyMDA5IjtzOjE2OiJmYXZvdXJpdGVzX2NvdW50IjtpOjU5O3M6MTA6InV0Y19vZmZzZXQiO2k6LTE0NDAwO3M6OToidGltZV96b25lIjtzOjI2OiJFYXN0ZXJuIFRpbWUgKFVTICYgQ2FuYWRhKSI7czoxMToiZ2VvX2VuYWJsZWQiO2I6MDtzOjg6InZlcmlmaWVkIjtiOjA7czoxNDoic3RhdHVzZXNfY291bnQiO2k6MjcwOTtzOjQ6ImxhbmciO3M6MjoiZW4iO3M6MjA6ImNvbnRyaWJ1dG9yc19lbmFibGVkIjtiOjA7czoxMzoiaXNfdHJhbnNsYXRvciI7YjowO3M6MjI6ImlzX3RyYW5zbGF0aW9uX2VuYWJsZWQiO2I6MDtzOjI0OiJwcm9maWxlX2JhY2tncm91bmRfY29sb3IiO3M6NjoiRkZGRkZGIjtzOjI4OiJwcm9maWxlX2JhY2tncm91bmRfaW1hZ2VfdXJsIjtzOjgxOiJodHRwOi8vcGJzLnR3aW1nLmNvbS9wcm9maWxlX2JhY2tncm91bmRfaW1hZ2VzLzY2MzY2MjQyMS91NXo2cDJtYWRjcjRiMWNyNXpjZy5wbmciO3M6MzQ6InByb2ZpbGVfYmFja2dyb3VuZF9pbWFnZV91cmxfaHR0cHMiO3M6ODI6Imh0dHBzOi8vcGJzLnR3aW1nLmNvbS9wcm9maWxlX2JhY2tncm91bmRfaW1hZ2VzLzY2MzY2MjQyMS91NXo2cDJtYWRjcjRiMWNyNXpjZy5wbmciO3M6MjM6InByb2ZpbGVfYmFja2dyb3VuZF90aWxlIjtiOjA7czoxNzoicHJvZmlsZV9pbWFnZV91cmwiO3M6ODE6Imh0dHA6Ly9wYnMudHdpbWcuY29tL3Byb2ZpbGVfaW1hZ2VzLzExMjkyMjQyNDkvWW91dGhpbmtfRmFjZWJvb2tfU21hbGxfbm9ybWFsLmpwZyI7czoyMzoicHJvZmlsZV9pbWFnZV91cmxfaHR0cHMiO3M6ODI6Imh0dHBzOi8vcGJzLnR3aW1nLmNvbS9wcm9maWxlX2ltYWdlcy8xMTI5MjI0MjQ5L1lvdXRoaW5rX0ZhY2Vib29rX1NtYWxsX25vcm1hbC5qcGciO3M6MTg6InByb2ZpbGVfbGlua19jb2xvciI7czo2OiJEMzM4MDUiO3M6Mjg6InByb2ZpbGVfc2lkZWJhcl9ib3JkZXJfY29sb3IiO3M6NjoiRkZGRkZGIjtzOjI2OiJwcm9maWxlX3NpZGViYXJfZmlsbF9jb2xvciI7czo2OiJGQ0FGMTYiO3M6MTg6InByb2ZpbGVfdGV4dF9jb2xvciI7czo2OiIwRDAxMEQiO3M6Mjg6InByb2ZpbGVfdXNlX2JhY2tncm91bmRfaW1hZ2UiO2I6MTtzOjE1OiJkZWZhdWx0X3Byb2ZpbGUiO2I6MDtzOjIxOiJkZWZhdWx0X3Byb2ZpbGVfaW1hZ2UiO2I6MDtzOjk6ImZvbGxvd2luZyI7TjtzOjE5OiJmb2xsb3dfcmVxdWVzdF9zZW50IjtOO3M6MTM6Im5vdGlmaWNhdGlvbnMiO047fXM6MzoiZ2VvIjtOO3M6MTE6ImNvb3JkaW5hdGVzIjtOO3M6NToicGxhY2UiO047czoxMjoiY29udHJpYnV0b3JzIjtOO3M6MTM6InJldHdlZXRfY291bnQiO2k6MjtzOjE0OiJmYXZvcml0ZV9jb3VudCI7aToxO3M6ODoiZW50aXRpZXMiO086ODoic3RkQ2xhc3MiOjQ6e3M6ODoiaGFzaHRhZ3MiO2E6Mjp7aTowO086ODoic3RkQ2xhc3MiOjI6e3M6NDoidGV4dCI7czoxMDoiT3Blbkdvdk5vdyI7czo3OiJpbmRpY2VzIjthOjI6e2k6MDtpOjcxO2k6MTtpOjgyO319aToxO086ODoic3RkQ2xhc3MiOjI6e3M6NDoidGV4dCI7czoxMjoidHJhbnNwYXJlbmN5IjtzOjc6ImluZGljZXMiO2E6Mjp7aTowO2k6ODM7aToxO2k6OTY7fX19czo3OiJzeW1ib2xzIjthOjA6e31zOjQ6InVybHMiO2E6MTp7aTowO086ODoic3RkQ2xhc3MiOjQ6e3M6MzoidXJsIjtzOjIyOiJodHRwOi8vdC5jby9VeGUwSVZ6cnJwIjtzOjEyOiJleHBhbmRlZF91cmwiO3M6MjA6Imh0dHA6Ly93cmxkLmJnL3c0djdKIjtzOjExOiJkaXNwbGF5X3VybCI7czoxMzoid3JsZC5iZy93NHY3SiI7czo3OiJpbmRpY2VzIjthOjI6e2k6MDtpOjQ4O2k6MTtpOjcwO319fXM6MTM6InVzZXJfbWVudGlvbnMiO2E6MDp7fX1zOjk6ImZhdm9yaXRlZCI7YjowO3M6OToicmV0d2VldGVkIjtiOjA7czoxODoicG9zc2libHlfc2Vuc2l0aXZlIjtiOjA7czo0OiJsYW5nIjtzOjI6ImVuIjt9czoxMzoicmV0d2VldF9jb3VudCI7aTowO3M6MTQ6ImZhdm9yaXRlX2NvdW50IjtpOjA7czo4OiJlbnRpdGllcyI7Tzo4OiJzdGRDbGFzcyI6NDp7czo4OiJoYXNodGFncyI7YToyOntpOjA7Tzo4OiJzdGRDbGFzcyI6Mjp7czo0OiJ0ZXh0IjtzOjEwOiJPcGVuR292Tm93IjtzOjc6ImluZGljZXMiO2E6Mjp7aTowO2k6ODc7aToxO2k6OTg7fX1pOjE7Tzo4OiJzdGRDbGFzcyI6Mjp7czo0OiJ0ZXh0IjtzOjEyOiJ0cmFuc3BhcmVuY3kiO3M6NzoiaW5kaWNlcyI7YToyOntpOjA7aTo5OTtpOjE7aToxMTI7fX19czo3OiJzeW1ib2xzIjthOjA6e31zOjQ6InVybHMiO2E6MTp7aTowO086ODoic3RkQ2xhc3MiOjQ6e3M6MzoidXJsIjtzOjIyOiJodHRwOi8vdC5jby9VeGUwSVZ6cnJwIjtzOjEyOiJleHBhbmRlZF91cmwiO3M6MjA6Imh0dHA6Ly93cmxkLmJnL3c0djdKIjtzOjExOiJkaXNwbGF5X3VybCI7czoxMzoid3JsZC5iZy93NHY3SiI7czo3OiJpbmRpY2VzIjthOjI6e2k6MDtpOjY0O2k6MTtpOjg2O319fXM6MTM6InVzZXJfbWVudGlvbnMiO2E6MTp7aTowO086ODoic3RkQ2xhc3MiOjU6e3M6MTE6InNjcmVlbl9uYW1lIjtzOjEwOiJ3YnlvdXRoaW5rIjtzOjQ6Im5hbWUiO3M6OToiWW91dGhpbmshIjtzOjI6ImlkIjtpOjMyNDkxOTkzO3M6NjoiaWRfc3RyIjtzOjg6IjMyNDkxOTkzIjtzOjc6ImluZGljZXMiO2E6Mjp7aTowO2k6MztpOjE7aToxNDt9fX19czo5OiJmYXZvcml0ZWQiO2I6MDtzOjk6InJldHdlZXRlZCI7YjowO3M6MTg6InBvc3NpYmx5X3NlbnNpdGl2ZSI7YjowO3M6MTI6ImZpbHRlcl9sZXZlbCI7czo2OiJtZWRpdW0iO3M6NDoibGFuZyI7czoyOiJlbiI7fQ==', 1),
(461540975739809793, 6, '2014-04-30 16:21:58', 'Tzo4OiJzdGRDbGFzcyI6MjQ6e3M6MTA6ImNyZWF0ZWRfYXQiO3M6MzA6IldlZCBBcHIgMzAgMTY6MjE6NTggKzAwMDAgMjAxNCI7czoyOiJpZCI7ZDo0LjYxNTQwOTc1NzM5ODA5NzlFKzE3O3M6NjoiaWRfc3RyIjtzOjE4OiI0NjE1NDA5NzU3Mzk4MDk3OTMiO3M6NDoidGV4dCI7czoxMDk6IkB3YnlvdXRoaW5rIDUgdGhpbmdzIHlvdSBuZWVkIHRvIGtub3cgYWJvdXQgb3BlbiBnb3Zlcm5tZW50IGh0dHA6Ly90LmNvL1V0Z0hoVmk5eksgICNPcGVuR292Tm93ICN0cmFuc3BhcmVuY3kiO3M6Njoic291cmNlIjtzOjM6IndlYiI7czo5OiJ0cnVuY2F0ZWQiO2I6MDtzOjIxOiJpbl9yZXBseV90b19zdGF0dXNfaWQiO2Q6NC42MTUzOTQ2NDM5ODI2MjI3RSsxNztzOjI1OiJpbl9yZXBseV90b19zdGF0dXNfaWRfc3RyIjtzOjE4OiI0NjE1Mzk0NjQzOTgyNjIyNzMiO3M6MTk6ImluX3JlcGx5X3RvX3VzZXJfaWQiO2k6MzI0OTE5OTM7czoyMzoiaW5fcmVwbHlfdG9fdXNlcl9pZF9zdHIiO3M6ODoiMzI0OTE5OTMiO3M6MjM6ImluX3JlcGx5X3RvX3NjcmVlbl9uYW1lIjtzOjEwOiJ3YnlvdXRoaW5rIjtzOjQ6InVzZXIiO086ODoic3RkQ2xhc3MiOjM5OntzOjI6ImlkIjtpOjM4OTU0ODYxNTtzOjY6ImlkX3N0ciI7czo5OiIzODk1NDg2MTUiO3M6NDoibmFtZSI7czoxMzoiTmlsaSBNYWp1bWRlciI7czoxMToic2NyZWVuX25hbWUiO3M6MTI6Ik5pbGlNYWp1bWRlciI7czo4OiJsb2NhdGlvbiI7czowOiIiO3M6MzoidXJsIjtOO3M6MTE6ImRlc2NyaXB0aW9uIjtzOjExODoiRm9ybWVyIFZTTyB2b2wuKENhbWVyb29uJkdoYW5hKSBzdHJvbmcgc3VwcG9ydGVyIG9mIFVOJ3MgR3JlZW4gRW52aXJvbm1lbnQsUGVhY2UmRGV2ZWxvcG1lbnQgZWZmb3J0cy5JbnRlcmVzdGVkIGluIFVOViI7czo5OiJwcm90ZWN0ZWQiO2I6MDtzOjE1OiJmb2xsb3dlcnNfY291bnQiO2k6MjA0NjtzOjEzOiJmcmllbmRzX2NvdW50IjtpOjE1OTg7czoxMjoibGlzdGVkX2NvdW50IjtpOjEwNjtzOjEwOiJjcmVhdGVkX2F0IjtzOjMwOiJXZWQgT2N0IDEyIDE2OjE3OjMxICswMDAwIDIwMTEiO3M6MTY6ImZhdm91cml0ZXNfY291bnQiO2k6NTE4ODA7czoxMDoidXRjX29mZnNldCI7aToxOTgwMDtzOjk6InRpbWVfem9uZSI7czo3OiJDaGVubmFpIjtzOjExOiJnZW9fZW5hYmxlZCI7YjoxO3M6ODoidmVyaWZpZWQiO2I6MDtzOjE0OiJzdGF0dXNlc19jb3VudCI7aToxMjEyNDI7czo0OiJsYW5nIjtzOjI6ImVuIjtzOjIwOiJjb250cmlidXRvcnNfZW5hYmxlZCI7YjowO3M6MTM6ImlzX3RyYW5zbGF0b3IiO2I6MDtzOjIyOiJpc190cmFuc2xhdGlvbl9lbmFibGVkIjtiOjA7czoyNDoicHJvZmlsZV9iYWNrZ3JvdW5kX2NvbG9yIjtzOjY6IjAwOTlCOSI7czoyODoicHJvZmlsZV9iYWNrZ3JvdW5kX2ltYWdlX3VybCI7czo0ODoiaHR0cDovL2Ficy50d2ltZy5jb20vaW1hZ2VzL3RoZW1lcy90aGVtZTQvYmcuZ2lmIjtzOjM0OiJwcm9maWxlX2JhY2tncm91bmRfaW1hZ2VfdXJsX2h0dHBzIjtzOjQ5OiJodHRwczovL2Ficy50d2ltZy5jb20vaW1hZ2VzL3RoZW1lcy90aGVtZTQvYmcuZ2lmIjtzOjIzOiJwcm9maWxlX2JhY2tncm91bmRfdGlsZSI7YjowO3M6MTc6InByb2ZpbGVfaW1hZ2VfdXJsIjtzOjc5OiJodHRwOi8vcGJzLnR3aW1nLmNvbS9wcm9maWxlX2ltYWdlcy8yNTQ0NzY2MzgxL2xvdzN6b2FqY3RxOGIyOW14dzllX25vcm1hbC5qcGVnIjtzOjIzOiJwcm9maWxlX2ltYWdlX3VybF9odHRwcyI7czo4MDoiaHR0cHM6Ly9wYnMudHdpbWcuY29tL3Byb2ZpbGVfaW1hZ2VzLzI1NDQ3NjYzODEvbG93M3pvYWpjdHE4YjI5bXh3OWVfbm9ybWFsLmpwZWciO3M6MTg6InByb2ZpbGVfYmFubmVyX3VybCI7czo1ODoiaHR0cHM6Ly9wYnMudHdpbWcuY29tL3Byb2ZpbGVfYmFubmVycy8zODk1NDg2MTUvMTM5ODI2NjgxNSI7czoxODoicHJvZmlsZV9saW5rX2NvbG9yIjtzOjY6IjAwOTlCOSI7czoyODoicHJvZmlsZV9zaWRlYmFyX2JvcmRlcl9jb2xvciI7czo2OiI1RUQ0REMiO3M6MjY6InByb2ZpbGVfc2lkZWJhcl9maWxsX2NvbG9yIjtzOjY6Ijk1RThFQyI7czoxODoicHJvZmlsZV90ZXh0X2NvbG9yIjtzOjY6IjNDMzk0MCI7czoyODoicHJvZmlsZV91c2VfYmFja2dyb3VuZF9pbWFnZSI7YjoxO3M6MTU6ImRlZmF1bHRfcHJvZmlsZSI7YjowO3M6MjE6ImRlZmF1bHRfcHJvZmlsZV9pbWFnZSI7YjowO3M6OToiZm9sbG93aW5nIjtOO3M6MTk6ImZvbGxvd19yZXF1ZXN0X3NlbnQiO047czoxMzoibm90aWZpY2F0aW9ucyI7Tjt9czozOiJnZW8iO047czoxMToiY29vcmRpbmF0ZXMiO047czo1OiJwbGFjZSI7TjtzOjEyOiJjb250cmlidXRvcnMiO047czoxMzoicmV0d2VldF9jb3VudCI7aTowO3M6MTQ6ImZhdm9yaXRlX2NvdW50IjtpOjA7czo4OiJlbnRpdGllcyI7Tzo4OiJzdGRDbGFzcyI6NDp7czo4OiJoYXNodGFncyI7YToyOntpOjA7Tzo4OiJzdGRDbGFzcyI6Mjp7czo0OiJ0ZXh0IjtzOjEwOiJPcGVuR292Tm93IjtzOjc6ImluZGljZXMiO2E6Mjp7aTowO2k6ODQ7aToxO2k6OTU7fX1pOjE7Tzo4OiJzdGRDbGFzcyI6Mjp7czo0OiJ0ZXh0IjtzOjEyOiJ0cmFuc3BhcmVuY3kiO3M6NzoiaW5kaWNlcyI7YToyOntpOjA7aTo5NjtpOjE7aToxMDk7fX19czo3OiJzeW1ib2xzIjthOjA6e31zOjQ6InVybHMiO2E6MTp7aTowO086ODoic3RkQ2xhc3MiOjQ6e3M6MzoidXJsIjtzOjIyOiJodHRwOi8vdC5jby9VdGdIaFZpOXpLIjtzOjEyOiJleHBhbmRlZF91cmwiO3M6MjA6Imh0dHA6Ly93cmxkLmJnL3c0djdKIjtzOjExOiJkaXNwbGF5X3VybCI7czoxMzoid3JsZC5iZy93NHY3SiI7czo3OiJpbmRpY2VzIjthOjI6e2k6MDtpOjYwO2k6MTtpOjgyO319fXM6MTM6InVzZXJfbWVudGlvbnMiO2E6MTp7aTowO086ODoic3RkQ2xhc3MiOjU6e3M6MTE6InNjcmVlbl9uYW1lIjtzOjEwOiJ3YnlvdXRoaW5rIjtzOjQ6Im5hbWUiO3M6OToiWW91dGhpbmshIjtzOjI6ImlkIjtpOjMyNDkxOTkzO3M6NjoiaWRfc3RyIjtzOjg6IjMyNDkxOTkzIjtzOjc6ImluZGljZXMiO2E6Mjp7aTowO2k6MDtpOjE7aToxMTt9fX19czo5OiJmYXZvcml0ZWQiO2I6MDtzOjk6InJldHdlZXRlZCI7YjowO3M6MTg6InBvc3NpYmx5X3NlbnNpdGl2ZSI7YjowO3M6MTI6ImZpbHRlcl9sZXZlbCI7czo2OiJtZWRpdW0iO3M6NDoibGFuZyI7czoyOiJlbiI7fQ==', 1),
(461551418256523264, 7, '2014-04-30 17:03:28', 'Tzo4OiJzdGRDbGFzcyI6MjU6e3M6MTA6ImNyZWF0ZWRfYXQiO3M6MzA6IldlZCBBcHIgMzAgMTc6MDM6MjcgKzAwMDAgMjAxNCI7czoyOiJpZCI7ZDo0LjYxNTUxNDE4MjU2NTIzMjZFKzE3O3M6NjoiaWRfc3RyIjtzOjE4OiI0NjE1NTE0MTgyNTY1MjMyNjQiO3M6NDoidGV4dCI7czoxMTI6IlJUIEB3YnlvdXRoaW5rOiA1IHRoaW5ncyB5b3UgbmVlZCB0byBrbm93IGFib3V0IG9wZW4gZ292ZXJubWVudCBodHRwOi8vdC5jby9VeGUwSVZ6cnJwICNPcGVuR292Tm93ICN0cmFuc3BhcmVuY3kiO3M6Njoic291cmNlIjtzOjgyOiI8YSBocmVmPSJodHRwOi8vdHdpdHRlci5jb20vZG93bmxvYWQvaXBob25lIiByZWw9Im5vZm9sbG93Ij5Ud2l0dGVyIGZvciBpUGhvbmU8L2E+IjtzOjk6InRydW5jYXRlZCI7YjowO3M6MjE6ImluX3JlcGx5X3RvX3N0YXR1c19pZCI7TjtzOjI1OiJpbl9yZXBseV90b19zdGF0dXNfaWRfc3RyIjtOO3M6MTk6ImluX3JlcGx5X3RvX3VzZXJfaWQiO047czoyMzoiaW5fcmVwbHlfdG9fdXNlcl9pZF9zdHIiO047czoyMzoiaW5fcmVwbHlfdG9fc2NyZWVuX25hbWUiO047czo0OiJ1c2VyIjtPOjg6InN0ZENsYXNzIjozOTp7czoyOiJpZCI7aToxNzkwMjUzNDtzOjY6ImlkX3N0ciI7czo4OiIxNzkwMjUzNCI7czo0OiJuYW1lIjtzOjI6IlJUIjtzOjExOiJzY3JlZW5fbmFtZSI7czoxMToicmFqZXNodGhvcmUiO3M6ODoibG9jYXRpb24iO3M6NToiRGVsaGkiO3M6MzoidXJsIjtOO3M6MTE6ImRlc2NyaXB0aW9uIjtzOjM1OiJDb25zdWx0YW50LCBoYXZpbmcgdmFyaW91cyBpbnRlcmVzdCI7czo5OiJwcm90ZWN0ZWQiO2I6MDtzOjE1OiJmb2xsb3dlcnNfY291bnQiO2k6NTU7czoxMzoiZnJpZW5kc19jb3VudCI7aTo1MDc7czoxMjoibGlzdGVkX2NvdW50IjtpOjI7czoxMDoiY3JlYXRlZF9hdCI7czozMDoiRnJpIERlYyAwNSAxNzozMTo0MSArMDAwMCAyMDA4IjtzOjE2OiJmYXZvdXJpdGVzX2NvdW50IjtpOjEyO3M6MTA6InV0Y19vZmZzZXQiO2k6MTk4MDA7czo5OiJ0aW1lX3pvbmUiO3M6OToiTmV3IERlbGhpIjtzOjExOiJnZW9fZW5hYmxlZCI7YjowO3M6ODoidmVyaWZpZWQiO2I6MDtzOjE0OiJzdGF0dXNlc19jb3VudCI7aToxNzIwO3M6NDoibGFuZyI7czoyOiJlbiI7czoyMDoiY29udHJpYnV0b3JzX2VuYWJsZWQiO2I6MDtzOjEzOiJpc190cmFuc2xhdG9yIjtiOjA7czoyMjoiaXNfdHJhbnNsYXRpb25fZW5hYmxlZCI7YjowO3M6MjQ6InByb2ZpbGVfYmFja2dyb3VuZF9jb2xvciI7czo2OiJFREVDRTkiO3M6Mjg6InByb2ZpbGVfYmFja2dyb3VuZF9pbWFnZV91cmwiO3M6NDg6Imh0dHA6Ly9hYnMudHdpbWcuY29tL2ltYWdlcy90aGVtZXMvdGhlbWUzL2JnLmdpZiI7czozNDoicHJvZmlsZV9iYWNrZ3JvdW5kX2ltYWdlX3VybF9odHRwcyI7czo0OToiaHR0cHM6Ly9hYnMudHdpbWcuY29tL2ltYWdlcy90aGVtZXMvdGhlbWUzL2JnLmdpZiI7czoyMzoicHJvZmlsZV9iYWNrZ3JvdW5kX3RpbGUiO2I6MDtzOjE3OiJwcm9maWxlX2ltYWdlX3VybCI7czo3NToiaHR0cDovL3Bicy50d2ltZy5jb20vcHJvZmlsZV9pbWFnZXMvNDI3ODYzNTE5NzA3NDEwNDMyLzJZVWd1OWozX25vcm1hbC5qcGVnIjtzOjIzOiJwcm9maWxlX2ltYWdlX3VybF9odHRwcyI7czo3NjoiaHR0cHM6Ly9wYnMudHdpbWcuY29tL3Byb2ZpbGVfaW1hZ2VzLzQyNzg2MzUxOTcwNzQxMDQzMi8yWVVndTlqM19ub3JtYWwuanBlZyI7czoxODoicHJvZmlsZV9iYW5uZXJfdXJsIjtzOjU3OiJodHRwczovL3Bicy50d2ltZy5jb20vcHJvZmlsZV9iYW5uZXJzLzE3OTAyNTM0LzEzOTg1MTQzODQiO3M6MTg6InByb2ZpbGVfbGlua19jb2xvciI7czo2OiIwODgyNTMiO3M6Mjg6InByb2ZpbGVfc2lkZWJhcl9ib3JkZXJfY29sb3IiO3M6NjoiRDNEMkNGIjtzOjI2OiJwcm9maWxlX3NpZGViYXJfZmlsbF9jb2xvciI7czo2OiJFM0UyREUiO3M6MTg6InByb2ZpbGVfdGV4dF9jb2xvciI7czo2OiI2MzQwNDciO3M6Mjg6InByb2ZpbGVfdXNlX2JhY2tncm91bmRfaW1hZ2UiO2I6MTtzOjE1OiJkZWZhdWx0X3Byb2ZpbGUiO2I6MDtzOjIxOiJkZWZhdWx0X3Byb2ZpbGVfaW1hZ2UiO2I6MDtzOjk6ImZvbGxvd2luZyI7TjtzOjE5OiJmb2xsb3dfcmVxdWVzdF9zZW50IjtOO3M6MTM6Im5vdGlmaWNhdGlvbnMiO047fXM6MzoiZ2VvIjtOO3M6MTE6ImNvb3JkaW5hdGVzIjtOO3M6NToicGxhY2UiO047czoxMjoiY29udHJpYnV0b3JzIjtOO3M6MTY6InJldHdlZXRlZF9zdGF0dXMiO086ODoic3RkQ2xhc3MiOjIzOntzOjEwOiJjcmVhdGVkX2F0IjtzOjMwOiJXZWQgQXByIDMwIDE2OjE1OjU3ICswMDAwIDIwMTQiO3M6MjoiaWQiO2Q6NC42MTUzOTQ2NDM5ODI2MjI3RSsxNztzOjY6ImlkX3N0ciI7czoxODoiNDYxNTM5NDY0Mzk4MjYyMjczIjtzOjQ6InRleHQiO3M6OTY6IjUgdGhpbmdzIHlvdSBuZWVkIHRvIGtub3cgYWJvdXQgb3BlbiBnb3Zlcm5tZW50IGh0dHA6Ly90LmNvL1V4ZTBJVnpycnAgI09wZW5Hb3ZOb3cgI3RyYW5zcGFyZW5jeSI7czo2OiJzb3VyY2UiO3M6NjM6IjxhIGhyZWY9Imh0dHA6Ly93d3cuaG9vdHN1aXRlLmNvbSIgcmVsPSJub2ZvbGxvdyI+SG9vdFN1aXRlPC9hPiI7czo5OiJ0cnVuY2F0ZWQiO2I6MDtzOjIxOiJpbl9yZXBseV90b19zdGF0dXNfaWQiO047czoyNToiaW5fcmVwbHlfdG9fc3RhdHVzX2lkX3N0ciI7TjtzOjE5OiJpbl9yZXBseV90b191c2VyX2lkIjtOO3M6MjM6ImluX3JlcGx5X3RvX3VzZXJfaWRfc3RyIjtOO3M6MjM6ImluX3JlcGx5X3RvX3NjcmVlbl9uYW1lIjtOO3M6NDoidXNlciI7Tzo4OiJzdGRDbGFzcyI6Mzg6e3M6MjoiaWQiO2k6MzI0OTE5OTM7czo2OiJpZF9zdHIiO3M6ODoiMzI0OTE5OTMiO3M6NDoibmFtZSI7czo5OiJZb3V0aGluayEiO3M6MTE6InNjcmVlbl9uYW1lIjtzOjEwOiJ3YnlvdXRoaW5rIjtzOjg6ImxvY2F0aW9uIjtzOjE0OiJXYXNoaW5ndG9uLCBEQyI7czozOiJ1cmwiO3M6MjY6Imh0dHA6Ly93b3JsZGJhbmsub3JnL3lvdXRoIjtzOjExOiJkZXNjcmlwdGlvbiI7czo5MzoiWW91dGhpbmshIGlzIHRoZSBXb3JsZCBCYW5rJ3Mgb25saW5lIHNwYWNlIGZvciB5b3V0aCB0byBsZWFybiBhbmQgZGlzY3VzcyBkZXZlbG9wbWVudCB0b3BpY3MuIjtzOjk6InByb3RlY3RlZCI7YjowO3M6MTU6ImZvbGxvd2Vyc19jb3VudCI7aTo2NTgzO3M6MTM6ImZyaWVuZHNfY291bnQiO2k6MzIyO3M6MTI6Imxpc3RlZF9jb3VudCI7aToyMDQ7czoxMDoiY3JlYXRlZF9hdCI7czozMDoiRnJpIEFwciAxNyAxNzozNjoxNCArMDAwMCAyMDA5IjtzOjE2OiJmYXZvdXJpdGVzX2NvdW50IjtpOjU5O3M6MTA6InV0Y19vZmZzZXQiO2k6LTE0NDAwO3M6OToidGltZV96b25lIjtzOjI2OiJFYXN0ZXJuIFRpbWUgKFVTICYgQ2FuYWRhKSI7czoxMToiZ2VvX2VuYWJsZWQiO2I6MDtzOjg6InZlcmlmaWVkIjtiOjA7czoxNDoic3RhdHVzZXNfY291bnQiO2k6MjcwOTtzOjQ6ImxhbmciO3M6MjoiZW4iO3M6MjA6ImNvbnRyaWJ1dG9yc19lbmFibGVkIjtiOjA7czoxMzoiaXNfdHJhbnNsYXRvciI7YjowO3M6MjI6ImlzX3RyYW5zbGF0aW9uX2VuYWJsZWQiO2I6MDtzOjI0OiJwcm9maWxlX2JhY2tncm91bmRfY29sb3IiO3M6NjoiRkZGRkZGIjtzOjI4OiJwcm9maWxlX2JhY2tncm91bmRfaW1hZ2VfdXJsIjtzOjgxOiJodHRwOi8vcGJzLnR3aW1nLmNvbS9wcm9maWxlX2JhY2tncm91bmRfaW1hZ2VzLzY2MzY2MjQyMS91NXo2cDJtYWRjcjRiMWNyNXpjZy5wbmciO3M6MzQ6InByb2ZpbGVfYmFja2dyb3VuZF9pbWFnZV91cmxfaHR0cHMiO3M6ODI6Imh0dHBzOi8vcGJzLnR3aW1nLmNvbS9wcm9maWxlX2JhY2tncm91bmRfaW1hZ2VzLzY2MzY2MjQyMS91NXo2cDJtYWRjcjRiMWNyNXpjZy5wbmciO3M6MjM6InByb2ZpbGVfYmFja2dyb3VuZF90aWxlIjtiOjA7czoxNzoicHJvZmlsZV9pbWFnZV91cmwiO3M6ODE6Imh0dHA6Ly9wYnMudHdpbWcuY29tL3Byb2ZpbGVfaW1hZ2VzLzExMjkyMjQyNDkvWW91dGhpbmtfRmFjZWJvb2tfU21hbGxfbm9ybWFsLmpwZyI7czoyMzoicHJvZmlsZV9pbWFnZV91cmxfaHR0cHMiO3M6ODI6Imh0dHBzOi8vcGJzLnR3aW1nLmNvbS9wcm9maWxlX2ltYWdlcy8xMTI5MjI0MjQ5L1lvdXRoaW5rX0ZhY2Vib29rX1NtYWxsX25vcm1hbC5qcGciO3M6MTg6InByb2ZpbGVfbGlua19jb2xvciI7czo2OiJEMzM4MDUiO3M6Mjg6InByb2ZpbGVfc2lkZWJhcl9ib3JkZXJfY29sb3IiO3M6NjoiRkZGRkZGIjtzOjI2OiJwcm9maWxlX3NpZGViYXJfZmlsbF9jb2xvciI7czo2OiJGQ0FGMTYiO3M6MTg6InByb2ZpbGVfdGV4dF9jb2xvciI7czo2OiIwRDAxMEQiO3M6Mjg6InByb2ZpbGVfdXNlX2JhY2tncm91bmRfaW1hZ2UiO2I6MTtzOjE1OiJkZWZhdWx0X3Byb2ZpbGUiO2I6MDtzOjIxOiJkZWZhdWx0X3Byb2ZpbGVfaW1hZ2UiO2I6MDtzOjk6ImZvbGxvd2luZyI7TjtzOjE5OiJmb2xsb3dfcmVxdWVzdF9zZW50IjtOO3M6MTM6Im5vdGlmaWNhdGlvbnMiO047fXM6MzoiZ2VvIjtOO3M6MTE6ImNvb3JkaW5hdGVzIjtOO3M6NToicGxhY2UiO047czoxMjoiY29udHJpYnV0b3JzIjtOO3M6MTM6InJldHdlZXRfY291bnQiO2k6MztzOjE0OiJmYXZvcml0ZV9jb3VudCI7aTozO3M6ODoiZW50aXRpZXMiO086ODoic3RkQ2xhc3MiOjQ6e3M6ODoiaGFzaHRhZ3MiO2E6Mjp7aTowO086ODoic3RkQ2xhc3MiOjI6e3M6NDoidGV4dCI7czoxMDoiT3Blbkdvdk5vdyI7czo3OiJpbmRpY2VzIjthOjI6e2k6MDtpOjcxO2k6MTtpOjgyO319aToxO086ODoic3RkQ2xhc3MiOjI6e3M6NDoidGV4dCI7czoxMjoidHJhbnNwYXJlbmN5IjtzOjc6ImluZGljZXMiO2E6Mjp7aTowO2k6ODM7aToxO2k6OTY7fX19czo3OiJzeW1ib2xzIjthOjA6e31zOjQ6InVybHMiO2E6MTp7aTowO086ODoic3RkQ2xhc3MiOjQ6e3M6MzoidXJsIjtzOjIyOiJodHRwOi8vdC5jby9VeGUwSVZ6cnJwIjtzOjEyOiJleHBhbmRlZF91cmwiO3M6MjA6Imh0dHA6Ly93cmxkLmJnL3c0djdKIjtzOjExOiJkaXNwbGF5X3VybCI7czoxMzoid3JsZC5iZy93NHY3SiI7czo3OiJpbmRpY2VzIjthOjI6e2k6MDtpOjQ4O2k6MTtpOjcwO319fXM6MTM6InVzZXJfbWVudGlvbnMiO2E6MDp7fX1zOjk6ImZhdm9yaXRlZCI7YjowO3M6OToicmV0d2VldGVkIjtiOjA7czoxODoicG9zc2libHlfc2Vuc2l0aXZlIjtiOjA7czo0OiJsYW5nIjtzOjI6ImVuIjt9czoxMzoicmV0d2VldF9jb3VudCI7aTowO3M6MTQ6ImZhdm9yaXRlX2NvdW50IjtpOjA7czo4OiJlbnRpdGllcyI7Tzo4OiJzdGRDbGFzcyI6NDp7czo4OiJoYXNodGFncyI7YToyOntpOjA7Tzo4OiJzdGRDbGFzcyI6Mjp7czo0OiJ0ZXh0IjtzOjEwOiJPcGVuR292Tm93IjtzOjc6ImluZGljZXMiO2E6Mjp7aTowO2k6ODc7aToxO2k6OTg7fX1pOjE7Tzo4OiJzdGRDbGFzcyI6Mjp7czo0OiJ0ZXh0IjtzOjEyOiJ0cmFuc3BhcmVuY3kiO3M6NzoiaW5kaWNlcyI7YToyOntpOjA7aTo5OTtpOjE7aToxMTI7fX19czo3OiJzeW1ib2xzIjthOjA6e31zOjQ6InVybHMiO2E6MTp7aTowO086ODoic3RkQ2xhc3MiOjQ6e3M6MzoidXJsIjtzOjIyOiJodHRwOi8vdC5jby9VeGUwSVZ6cnJwIjtzOjEyOiJleHBhbmRlZF91cmwiO3M6MjA6Imh0dHA6Ly93cmxkLmJnL3c0djdKIjtzOjExOiJkaXNwbGF5X3VybCI7czoxMzoid3JsZC5iZy93NHY3SiI7czo3OiJpbmRpY2VzIjthOjI6e2k6MDtpOjY0O2k6MTtpOjg2O319fXM6MTM6InVzZXJfbWVudGlvbnMiO2E6MTp7aTowO086ODoic3RkQ2xhc3MiOjU6e3M6MTE6InNjcmVlbl9uYW1lIjtzOjEwOiJ3YnlvdXRoaW5rIjtzOjQ6Im5hbWUiO3M6OToiWW91dGhpbmshIjtzOjI6ImlkIjtpOjMyNDkxOTkzO3M6NjoiaWRfc3RyIjtzOjg6IjMyNDkxOTkzIjtzOjc6ImluZGljZXMiO2E6Mjp7aTowO2k6MztpOjE7aToxNDt9fX19czo5OiJmYXZvcml0ZWQiO2I6MDtzOjk6InJldHdlZXRlZCI7YjowO3M6MTg6InBvc3NpYmx5X3NlbnNpdGl2ZSI7YjowO3M6MTI6ImZpbHRlcl9sZXZlbCI7czo2OiJtZWRpdW0iO3M6NDoibGFuZyI7czoyOiJlbiI7fQ==', 1);

-- --------------------------------------------------------

--
-- Table structure for table `tweets`
--

CREATE TABLE IF NOT EXISTS `tweets` (
  `tweet_id` bigint(20) unsigned NOT NULL,
  `tweet_text` varchar(160) NOT NULL,
  `entities` text NOT NULL,
  `created_at` datetime NOT NULL,
  `geo_lat` decimal(10,5) DEFAULT NULL,
  `geo_long` decimal(10,5) DEFAULT NULL,
  `user_id` int(10) unsigned NOT NULL,
  `screen_name` char(20) NOT NULL,
  `name` varchar(40) DEFAULT NULL,
  `profile_image_url` varchar(200) DEFAULT NULL,
  PRIMARY KEY (`tweet_id`),
  KEY `created_at` (`created_at`),
  KEY `user_id` (`user_id`),
  KEY `screen_name` (`screen_name`),
  KEY `name` (`name`),
  FULLTEXT KEY `tweet_text` (`tweet_text`)
) ENGINE=MyISAM DEFAULT CHARSET=utf8;

--
-- Dumping data for table `tweets`
--

INSERT INTO `tweets` (`tweet_id`, `tweet_text`, `entities`, `created_at`, `geo_lat`, `geo_long`, `user_id`, `screen_name`, `name`, `profile_image_url`) VALUES
(461538143381258241, 'cool animation on #opengovnow https://t.co/RrImCVyjOk', 'Tzo4OiJzdGRDbGFzcyI6NDp7czo4OiJoYXNodGFncyI7YToxOntpOjA7Tzo4OiJzdGRDbGFzcyI6Mjp7czo0OiJ0ZXh0IjtzOjEwOiJvcGVuZ292bm93IjtzOjc6ImluZGljZXMiO2E6Mjp7aTowO2k6MTg7aToxO2k6Mjk7fX19czo3OiJzeW1ib2xzIjthOjA6e31zOjQ6InVybHMiO2E6MTp7aTowO086ODoic3RkQ2xhc3MiOjQ6e3M6MzoidXJsIjtzOjIzOiJodHRwczovL3QuY28vUnJJbUNWeWpPayI7czoxMjoiZXhwYW5kZWRfdXJsIjtzOjYwOiJodHRwczovL3d3dy55b3V0dWJlLmNvbS93YXRjaD92PXh0OWJCdFBlU0ZjJmZlYXR1cmU9eW91dHUuYmUiO3M6MTE6ImRpc3BsYXlfdXJsIjtzOjI5OiJ5b3V0dWJlLmNvbS93YXRjaD92PXh0OWJCdOKApiI7czo3OiJpbmRpY2VzIjthOjI6e2k6MDtpOjMwO2k6MTtpOjUzO319fXM6MTM6InVzZXJfbWVudGlvbnMiO2E6MDp7fX0=', '2014-04-30 12:10:43', 0.00000, 0.00000, 19604531, 'migheille', 'Mireille Raad', 'http://pbs.twimg.com/profile_images/442164771115130881/V9KgSz9G_normal.jpeg'),
(461539464398262273, '5 things you need to know about open government http://t.co/Uxe0IVzrrp #OpenGovNow #transparency', 'Tzo4OiJzdGRDbGFzcyI6NDp7czo4OiJoYXNodGFncyI7YToyOntpOjA7Tzo4OiJzdGRDbGFzcyI6Mjp7czo0OiJ0ZXh0IjtzOjEwOiJPcGVuR292Tm93IjtzOjc6ImluZGljZXMiO2E6Mjp7aTowO2k6NzE7aToxO2k6ODI7fX1pOjE7Tzo4OiJzdGRDbGFzcyI6Mjp7czo0OiJ0ZXh0IjtzOjEyOiJ0cmFuc3BhcmVuY3kiO3M6NzoiaW5kaWNlcyI7YToyOntpOjA7aTo4MztpOjE7aTo5Njt9fX1zOjc6InN5bWJvbHMiO2E6MDp7fXM6NDoidXJscyI7YToxOntpOjA7Tzo4OiJzdGRDbGFzcyI6NDp7czozOiJ1cmwiO3M6MjI6Imh0dHA6Ly90LmNvL1V4ZTBJVnpycnAiO3M6MTI6ImV4cGFuZGVkX3VybCI7czoyMDoiaHR0cDovL3dybGQuYmcvdzR2N0oiO3M6MTE6ImRpc3BsYXlfdXJsIjtzOjEzOiJ3cmxkLmJnL3c0djdKIjtzOjc6ImluZGljZXMiO2E6Mjp7aTowO2k6NDg7aToxO2k6NzA7fX19czoxMzoidXNlcl9tZW50aW9ucyI7YTowOnt9fQ==', '2014-04-30 12:15:57', 0.00000, 0.00000, 32491993, 'wbyouthink', 'Youthink!', 'http://pbs.twimg.com/profile_images/1129224249/Youthink_Facebook_Small_normal.jpg'),
(461539588151214081, 'RT @wbyouthink: 5 things you need to know about open government http://t.co/Uxe0IVzrrp #OpenGovNow #transparency', 'Tzo4OiJzdGRDbGFzcyI6NDp7czo4OiJoYXNodGFncyI7YToyOntpOjA7Tzo4OiJzdGRDbGFzcyI6Mjp7czo0OiJ0ZXh0IjtzOjEwOiJPcGVuR292Tm93IjtzOjc6ImluZGljZXMiO2E6Mjp7aTowO2k6ODc7aToxO2k6OTg7fX1pOjE7Tzo4OiJzdGRDbGFzcyI6Mjp7czo0OiJ0ZXh0IjtzOjEyOiJ0cmFuc3BhcmVuY3kiO3M6NzoiaW5kaWNlcyI7YToyOntpOjA7aTo5OTtpOjE7aToxMTI7fX19czo3OiJzeW1ib2xzIjthOjA6e31zOjQ6InVybHMiO2E6MTp7aTowO086ODoic3RkQ2xhc3MiOjQ6e3M6MzoidXJsIjtzOjIyOiJodHRwOi8vdC5jby9VeGUwSVZ6cnJwIjtzOjEyOiJleHBhbmRlZF91cmwiO3M6MjA6Imh0dHA6Ly93cmxkLmJnL3c0djdKIjtzOjExOiJkaXNwbGF5X3VybCI7czoxMzoid3JsZC5iZy93NHY3SiI7czo3OiJpbmRpY2VzIjthOjI6e2k6MDtpOjY0O2k6MTtpOjg2O319fXM6MTM6InVzZXJfbWVudGlvbnMiO2E6MTp7aTowO086ODoic3RkQ2xhc3MiOjU6e3M6MTE6InNjcmVlbl9uYW1lIjtzOjEwOiJ3YnlvdXRoaW5rIjtzOjQ6Im5hbWUiO3M6OToiWW91dGhpbmshIjtzOjI6ImlkIjtpOjMyNDkxOTkzO3M6NjoiaWRfc3RyIjtzOjg6IjMyNDkxOTkzIjtzOjc6ImluZGljZXMiO2E6Mjp7aTowO2k6MztpOjE7aToxNDt9fX19', '2014-04-30 12:16:27', 0.00000, 0.00000, 2164684073, 'danamalameh', 'Dana Alameh ♡', 'http://pbs.twimg.com/profile_images/460476918065016832/1wXL71IQ_normal.jpeg'),
(461539615930073088, 'RT @migheille: 5 things you need to know about governments http://t.co/KUPfBNCe4u  #opengovnow', 'Tzo4OiJzdGRDbGFzcyI6NDp7czo4OiJoYXNodGFncyI7YToxOntpOjA7Tzo4OiJzdGRDbGFzcyI6Mjp7czo0OiJ0ZXh0IjtzOjEwOiJvcGVuZ292bm93IjtzOjc6ImluZGljZXMiO2E6Mjp7aTowO2k6ODM7aToxO2k6OTQ7fX19czo3OiJzeW1ib2xzIjthOjA6e31zOjQ6InVybHMiO2E6MTp7aTowO086ODoic3RkQ2xhc3MiOjQ6e3M6MzoidXJsIjtzOjIyOiJodHRwOi8vdC5jby9LVVBmQk5DZTR1IjtzOjEyOiJleHBhbmRlZF91cmwiO3M6MTEwOiJodHRwOi8vYmxvZ3Mud29ybGRiYW5rLm9yZy95b3V0aGluay81LXRoaW5ncy15b3UtbmVlZC1rbm93LWFib3V0LW9wZW4tZ292ZXJubWVudD9jaWQ9RVhUX1R3aXR0ZXJ5b3V0aGlua19EX0VYVCI7czoxMToiZGlzcGxheV91cmwiO3M6Mzc6ImJsb2dzLndvcmxkYmFuay5vcmcveW91dGhpbmsvNS10aGnigKYiO3M6NzoiaW5kaWNlcyI7YToyOntpOjA7aTo1OTtpOjE7aTo4MTt9fX1zOjEzOiJ1c2VyX21lbnRpb25zIjthOjE6e2k6MDtPOjg6InN0ZENsYXNzIjo1OntzOjExOiJzY3JlZW5fbmFtZSI7czo5OiJtaWdoZWlsbGUiO3M6NDoibmFtZSI7czoxMzoiTWlyZWlsbGUgUmFhZCI7czoyOiJpZCI7aToxOTYwNDUzMTtzOjY6ImlkX3N0ciI7czo4OiIxOTYwNDUzMSI7czo3OiJpbmRpY2VzIjthOjI6e2k6MDtpOjM7aToxO2k6MTM7fX19fQ==', '2014-04-30 12:16:34', 0.00000, 0.00000, 20355911, 'jmeiden', 'Jan van der Meiden', 'http://pbs.twimg.com/profile_images/2281675762/lo0f095lsi3xyq52nqmt_normal.jpeg'),
(461539955534487552, 'RT @wbyouthink: 5 things you need to know about open government http://t.co/Uxe0IVzrrp #OpenGovNow #transparency', 'Tzo4OiJzdGRDbGFzcyI6NDp7czo4OiJoYXNodGFncyI7YToyOntpOjA7Tzo4OiJzdGRDbGFzcyI6Mjp7czo0OiJ0ZXh0IjtzOjEwOiJPcGVuR292Tm93IjtzOjc6ImluZGljZXMiO2E6Mjp7aTowO2k6ODc7aToxO2k6OTg7fX1pOjE7Tzo4OiJzdGRDbGFzcyI6Mjp7czo0OiJ0ZXh0IjtzOjEyOiJ0cmFuc3BhcmVuY3kiO3M6NzoiaW5kaWNlcyI7YToyOntpOjA7aTo5OTtpOjE7aToxMTI7fX19czo3OiJzeW1ib2xzIjthOjA6e31zOjQ6InVybHMiO2E6MTp7aTowO086ODoic3RkQ2xhc3MiOjQ6e3M6MzoidXJsIjtzOjIyOiJodHRwOi8vdC5jby9VeGUwSVZ6cnJwIjtzOjEyOiJleHBhbmRlZF91cmwiO3M6MjA6Imh0dHA6Ly93cmxkLmJnL3c0djdKIjtzOjExOiJkaXNwbGF5X3VybCI7czoxMzoid3JsZC5iZy93NHY3SiI7czo3OiJpbmRpY2VzIjthOjI6e2k6MDtpOjY0O2k6MTtpOjg2O319fXM6MTM6InVzZXJfbWVudGlvbnMiO2E6MTp7aTowO086ODoic3RkQ2xhc3MiOjU6e3M6MTE6InNjcmVlbl9uYW1lIjtzOjEwOiJ3YnlvdXRoaW5rIjtzOjQ6Im5hbWUiO3M6OToiWW91dGhpbmshIjtzOjI6ImlkIjtpOjMyNDkxOTkzO3M6NjoiaWRfc3RyIjtzOjg6IjMyNDkxOTkzIjtzOjc6ImluZGljZXMiO2E6Mjp7aTowO2k6MztpOjE7aToxNDt9fX19', '2014-04-30 12:17:55', 0.00000, 0.00000, 1430398040, 'Tchalgaf', 'Abdoul G. TCHALAOU', 'http://pbs.twimg.com/profile_images/3662325081/ac7713b949777f11ffadc70b157b4a59_normal.jpeg'),
(461540975739809793, '@wbyouthink 5 things you need to know about open government http://t.co/UtgHhVi9zK  #OpenGovNow #transparency', 'Tzo4OiJzdGRDbGFzcyI6NDp7czo4OiJoYXNodGFncyI7YToyOntpOjA7Tzo4OiJzdGRDbGFzcyI6Mjp7czo0OiJ0ZXh0IjtzOjEwOiJPcGVuR292Tm93IjtzOjc6ImluZGljZXMiO2E6Mjp7aTowO2k6ODQ7aToxO2k6OTU7fX1pOjE7Tzo4OiJzdGRDbGFzcyI6Mjp7czo0OiJ0ZXh0IjtzOjEyOiJ0cmFuc3BhcmVuY3kiO3M6NzoiaW5kaWNlcyI7YToyOntpOjA7aTo5NjtpOjE7aToxMDk7fX19czo3OiJzeW1ib2xzIjthOjA6e31zOjQ6InVybHMiO2E6MTp7aTowO086ODoic3RkQ2xhc3MiOjQ6e3M6MzoidXJsIjtzOjIyOiJodHRwOi8vdC5jby9VdGdIaFZpOXpLIjtzOjEyOiJleHBhbmRlZF91cmwiO3M6MjA6Imh0dHA6Ly93cmxkLmJnL3c0djdKIjtzOjExOiJkaXNwbGF5X3VybCI7czoxMzoid3JsZC5iZy93NHY3SiI7czo3OiJpbmRpY2VzIjthOjI6e2k6MDtpOjYwO2k6MTtpOjgyO319fXM6MTM6InVzZXJfbWVudGlvbnMiO2E6MTp7aTowO086ODoic3RkQ2xhc3MiOjU6e3M6MTE6InNjcmVlbl9uYW1lIjtzOjEwOiJ3YnlvdXRoaW5rIjtzOjQ6Im5hbWUiO3M6OToiWW91dGhpbmshIjtzOjI6ImlkIjtpOjMyNDkxOTkzO3M6NjoiaWRfc3RyIjtzOjg6IjMyNDkxOTkzIjtzOjc6ImluZGljZXMiO2E6Mjp7aTowO2k6MDtpOjE7aToxMTt9fX19', '2014-04-30 12:21:58', 0.00000, 0.00000, 389548615, 'NiliMajumder', 'Nili Majumder', 'http://pbs.twimg.com/profile_images/2544766381/low3zoajctq8b29mxw9e_normal.jpeg'),
(461551418256523264, 'RT @wbyouthink: 5 things you need to know about open government http://t.co/Uxe0IVzrrp #OpenGovNow #transparency', 'Tzo4OiJzdGRDbGFzcyI6NDp7czo4OiJoYXNodGFncyI7YToyOntpOjA7Tzo4OiJzdGRDbGFzcyI6Mjp7czo0OiJ0ZXh0IjtzOjEwOiJPcGVuR292Tm93IjtzOjc6ImluZGljZXMiO2E6Mjp7aTowO2k6ODc7aToxO2k6OTg7fX1pOjE7Tzo4OiJzdGRDbGFzcyI6Mjp7czo0OiJ0ZXh0IjtzOjEyOiJ0cmFuc3BhcmVuY3kiO3M6NzoiaW5kaWNlcyI7YToyOntpOjA7aTo5OTtpOjE7aToxMTI7fX19czo3OiJzeW1ib2xzIjthOjA6e31zOjQ6InVybHMiO2E6MTp7aTowO086ODoic3RkQ2xhc3MiOjQ6e3M6MzoidXJsIjtzOjIyOiJodHRwOi8vdC5jby9VeGUwSVZ6cnJwIjtzOjEyOiJleHBhbmRlZF91cmwiO3M6MjA6Imh0dHA6Ly93cmxkLmJnL3c0djdKIjtzOjExOiJkaXNwbGF5X3VybCI7czoxMzoid3JsZC5iZy93NHY3SiI7czo3OiJpbmRpY2VzIjthOjI6e2k6MDtpOjY0O2k6MTtpOjg2O319fXM6MTM6InVzZXJfbWVudGlvbnMiO2E6MTp7aTowO086ODoic3RkQ2xhc3MiOjU6e3M6MTE6InNjcmVlbl9uYW1lIjtzOjEwOiJ3YnlvdXRoaW5rIjtzOjQ6Im5hbWUiO3M6OToiWW91dGhpbmshIjtzOjI6ImlkIjtpOjMyNDkxOTkzO3M6NjoiaWRfc3RyIjtzOjg6IjMyNDkxOTkzIjtzOjc6ImluZGljZXMiO2E6Mjp7aTowO2k6MztpOjE7aToxNDt9fX19', '2014-04-30 13:03:27', 0.00000, 0.00000, 17902534, 'rajeshthore', 'RT', 'http://pbs.twimg.com/profile_images/427863519707410432/2YUgu9j3_normal.jpeg');

-- --------------------------------------------------------

--
-- Table structure for table `tweet_mentions`
--

CREATE TABLE IF NOT EXISTS `tweet_mentions` (
  `tweet_id` bigint(20) NOT NULL,
  `source_user_id` bigint(20) NOT NULL,
  `target_user_id` bigint(20) NOT NULL,
  KEY `tweet_id` (`tweet_id`),
  KEY `source` (`source_user_id`),
  KEY `target` (`target_user_id`)
) ENGINE=MyISAM DEFAULT CHARSET=latin1;

--
-- Dumping data for table `tweet_mentions`
--

INSERT INTO `tweet_mentions` (`tweet_id`, `source_user_id`, `target_user_id`) VALUES
(461539588151214081, 2164684073, 32491993),
(461539615930073088, 20355911, 19604531),
(461539955534487552, 1430398040, 32491993),
(461540975739809793, 389548615, 32491993),
(461551418256523264, 17902534, 32491993);

-- --------------------------------------------------------

--
-- Table structure for table `tweet_tags`
--

CREATE TABLE IF NOT EXISTS `tweet_tags` (
  `tweet_id` bigint(20) NOT NULL,
  `tag` varchar(100) NOT NULL,
  KEY `tweet_id` (`tweet_id`),
  KEY `tag` (`tag`)
) ENGINE=MyISAM DEFAULT CHARSET=utf8;

--
-- Dumping data for table `tweet_tags`
--

INSERT INTO `tweet_tags` (`tweet_id`, `tag`) VALUES
(461538143381258241, 'opengovnow'),
(461539464398262273, 'OpenGovNow'),
(461539464398262273, 'transparency'),
(461539588151214081, 'OpenGovNow'),
(461539588151214081, 'transparency'),
(461539615930073088, 'opengovnow'),
(461539955534487552, 'OpenGovNow'),
(461539955534487552, 'transparency'),
(461540975739809793, 'OpenGovNow'),
(461540975739809793, 'transparency'),
(461551418256523264, 'OpenGovNow'),
(461551418256523264, 'transparency');

-- --------------------------------------------------------

--
-- Table structure for table `tweet_urls`
--

CREATE TABLE IF NOT EXISTS `tweet_urls` (
  `tweet_id` bigint(20) NOT NULL,
  `url` varchar(140) NOT NULL,
  KEY `tweet_id` (`tweet_id`),
  KEY `url` (`url`)
) ENGINE=MyISAM DEFAULT CHARSET=utf8;

--
-- Dumping data for table `tweet_urls`
--

INSERT INTO `tweet_urls` (`tweet_id`, `url`) VALUES
(461538143381258241, 'https://www.youtube.com/watch?v=xt9bBtPeSFc&feature=youtu.be'),
(461539464398262273, 'http://wrld.bg/w4v7J'),
(461539588151214081, 'http://wrld.bg/w4v7J'),
(461539615930073088, 'http://blogs.worldbank.org/youthink/5-things-you-need-know-about-open-government?cid=EXT_Twitteryouthink_D_EXT'),
(461539955534487552, 'http://wrld.bg/w4v7J'),
(461540975739809793, 'http://wrld.bg/w4v7J'),
(461551418256523264, 'http://wrld.bg/w4v7J');

-- --------------------------------------------------------

--
-- Table structure for table `users`
--

CREATE TABLE IF NOT EXISTS `users` (
  `user_id` bigint(20) unsigned NOT NULL,
  `screen_name` varchar(20) NOT NULL,
  `name` varchar(40) DEFAULT NULL,
  `profile_image_url` varchar(200) DEFAULT NULL,
  `location` varchar(30) DEFAULT NULL,
  `url` varchar(200) DEFAULT NULL,
  `description` varchar(200) DEFAULT NULL,
  `created_at` datetime NOT NULL,
  `followers_count` int(10) unsigned DEFAULT NULL,
  `friends_count` int(10) unsigned DEFAULT NULL,
  `statuses_count` int(10) unsigned DEFAULT NULL,
  `time_zone` varchar(40) DEFAULT NULL,
  `last_update` timestamp NOT NULL DEFAULT CURRENT_TIMESTAMP ON UPDATE CURRENT_TIMESTAMP,
  PRIMARY KEY (`user_id`),
  KEY `user_name` (`name`),
  KEY `last_update` (`last_update`),
  KEY `screen_name` (`screen_name`),
  FULLTEXT KEY `description` (`description`)
) ENGINE=MyISAM DEFAULT CHARSET=utf8;

--
-- Dumping data for table `users`
--

INSERT INTO `users` (`user_id`, `screen_name`, `name`, `profile_image_url`, `location`, `url`, `description`, `created_at`, `followers_count`, `friends_count`, `statuses_count`, `time_zone`, `last_update`) VALUES
(19604531, 'migheille', 'Mireille Raad', 'http://pbs.twimg.com/profile_images/442164771115130881/V9KgSz9G_normal.jpeg', 'DC/Beirut', 'http://mireille.it', 'Freelance programmer into data mining, d3js, grid computing/storage, open source,hacktivism, photography. Knoozroom | World Bank ICT4Gov/OpenGov consultant', '2009-01-27 12:51:23', 2553, 2042, 16800, 'Santiago', '2014-04-30 12:10:43'),
(32491993, 'wbyouthink', 'Youthink!', 'http://pbs.twimg.com/profile_images/1129224249/Youthink_Facebook_Small_normal.jpg', 'Washington, DC', 'http://worldbank.org/youth', 'Youthink! is the World Bank''s online space for youth to learn and discuss development topics.', '2009-04-17 13:36:14', 6580, 322, 2709, 'Eastern Time (US & Canada)', '2014-04-30 12:15:57'),
(2164684073, 'danamalameh', 'Dana Alameh ♡', 'http://pbs.twimg.com/profile_images/460476918065016832/1wXL71IQ_normal.jpeg', '♌', 'http://Instagram.com/danamalameh', 'International Relation Student                                     -Work hard in silence, let success be your noise ✨ -', '2013-11-02 06:59:49', 162, 343, 9527, '', '2014-04-30 12:16:27'),
(20355911, 'jmeiden', 'Jan van der Meiden', 'http://pbs.twimg.com/profile_images/2281675762/lo0f095lsi3xyq52nqmt_normal.jpeg', '', 'https://github.com/jvdmeiden', 'Trying to write efficient code using the latest technology', '2009-02-08 03:19:42', 369, 273, 4159, 'Amsterdam', '2014-04-30 12:16:34'),
(1430398040, 'Tchalgaf', 'Abdoul G. TCHALAOU', 'http://pbs.twimg.com/profile_images/3662325081/ac7713b949777f11ffadc70b157b4a59_normal.jpeg', '', '', '', '2013-05-15 08:27:35', 56, 286, 269, 'Casablanca', '2014-04-30 12:17:55'),
(389548615, 'NiliMajumder', 'Nili Majumder', 'http://pbs.twimg.com/profile_images/2544766381/low3zoajctq8b29mxw9e_normal.jpeg', '', '', 'Former VSO vol.(Cameroon&Ghana) strong supporter of UN''s Green Environment,Peace&Development efforts.Interested in UNV', '2011-10-12 12:17:31', 2046, 1598, 121242, 'Chennai', '2014-04-30 12:21:58'),
(17902534, 'rajeshthore', 'RT', 'http://pbs.twimg.com/profile_images/427863519707410432/2YUgu9j3_normal.jpeg', 'Delhi', '', 'Consultant, having various interest', '2008-12-05 12:31:41', 55, 507, 1720, 'New Delhi', '2014-04-30 13:03:27');

/*!40101 SET CHARACTER_SET_CLIENT=@OLD_CHARACTER_SET_CLIENT */;
/*!40101 SET CHARACTER_SET_RESULTS=@OLD_CHARACTER_SET_RESULTS */;
/*!40101 SET COLLATION_CONNECTION=@OLD_COLLATION_CONNECTION */;
